13	The
14	habeas
15	Lability
16	habitual
17	hack
18	hacking
19	haddie
20	Hsemaria
21	haft
22	liaggadistic
23	hag-seed
24	hailstone
25	hair
26	lialrtail
27	German
28	balecine
29	half-box
30	half-Mtch
31	half-spade
32	halidom
33	hall
34	hallo
35	halmalille
36	balse
37	halve
38	hamate
39	hamlet
40	hammer-beam
41	bamper
42	haud
43	hand
44	hand
45	handcops
46	hand-grip
47	handle
48	hand-mill
49	handsome
50	handybook
51	hang
52	hanging
53	Hanoverian
54	haplite
55	haply
56	happy-go-lucky
57	harbor
58	hard
59	hard
60	Hardhcid
61	Hard
62	hare
63	Haricot
64	harlequin
65	harmonic
66	harmonious
67	harmony
68	harp
69	harping
70	Harpullieae
71	Common
72	harshly
73	harvest
74	hash
75	hasteler
76	hat
77	hatch
78	hate
79	haubergeon
80	Haunches
81	haustellum
82	have
83	haven
84	haw
85	hawk-billed
86	hawse-bag
87	haydenite
88	liazard
89	hazelnut
90	he
91	head
92	head
93	headily
94	head-molding
95	head-word
96	health
97	hear
98	beart
99	heart
100	hearth
101	heart-shaped
102	heat
103	heathen
104	heating
105	heave
106	heaves
107	hebdomad
108	Hebraize
109	heckle
110	Hedera
111	hedgehog-grass
112	Hedycarya
113	heel
114	heel-seat
115	heigh
116	heir
117	helianthin
118	Heliconiinx
119	Eeliophila
120	heliotropism
121	hell-bale
122	Hellenist
123	helm
124	helminthic
125	Helostoma
126	helpful
127	hem
128	hematite
129	Hemerobiidae
130	Hemidactylus
131	hemiolia
132	hemisphere
133	hemoglobinemia
134	hemp-resin
135	henceforward
136	bendy
137	Henslowiese
138	heptaspermous
139	heptastich
140	herald
141	herbary
142	herty
143	herd
144	hereafter
145	herein
146	heretofom
147	hermandad
148	Hermetic
149	Hernandia
150	heroic
151	Herpestinse
152	herring-buss
153	hesitant
154	Hesperus
155	hetero-
156	Heterodon
157	heterogenous
158	heteronomic
159	heteroptoton
160	heterotropliy
161	hewgag
162	hexakisoctahedron
163	hexastyle
164	lubernaculum
165	Branch
166	bide
167	hiemation
168	from
169	hierurgy
170	high
171	highfalutin
172	high-placed
173	Ularious
174	hillier
175	himpne
176	hindhead
177	hinoid
178	Hippeastrum
179	Hippocratic
180	hippophile
181	hip-shot
182	hirniologion
183	Hispinx
184	histomorphology
185	history-
186	hit
187	hitherward
188	boar
189	hoary
190	hobbler
191	hock
192	hodden
193	Hoffmannite
194	ers
195	hogshead
196	holaspidean
197	hold
198	holde
199	holethnos
200	hollo
201	holly
202	hologiaph
203	Holosteum
204	holus-bolus
205	Homalium
206	home
207	liomer
208	homiculture
209	Homochelae
210	Homogenea
211	homologue
212	homophone
213	homotjrpal
214	honesty
215	honeycomb
216	honeysuckle
217	honor
218	honorific
219	hoodoo
220	Hooka
221	hooly
222	hoop-tree
223	hope
224	Hoplegnathus
225	hopping-dick
226	horizon
227	horn
228	horn-core
229	hornotine
230	horologue
231	horror
232	borse
233	horse-coursing
234	horse-leech
235	horse-radish
236	horsewell-grass
237	bose
238	hospital
239	host
240	bosting
241	hotel-car
242	hound
243	hourly
244	house
245	housekeeper
246	housewarm
247	hove-dance
248	how
249	howitzer
250	An
251	huckleberry
252	hue
253	hug
254	hulk
255	htun
256	humanitarian
257	humble
258	hnmectation
259	h
260	tiumoT
261	humpback
262	hundred
263	hungry
264	One
265	hurde
266	hurlbat
267	hurry-burry
268	husband
269	hushaby
270	hussif
271	HutcMnsia
272	Hysenlass
273	hybrid
274	hydra
275	Hydraspididse
276	hydrencephalus
277	hydrocerusite
278	hydrodynamometer
279	Hydroidea
280	hydromicaceous
281	Hydrophyllaceae
282	Hydrosaurus
283	hydroxid
284	Eygeian
285	of
286	Hymen
287	Hymenoptera
288	Hyoganoidei
289	Hypapante
290	hyperbola
291	hypercriticize
292	hyperlydian
293	hyperphysics
294	Hyphantria
295	hypnosporic
296	Hypochoeris
297	hypoderma
298	bypognatlious
299	hypopselaphesia
300	hypostatical
301	hypothecation
302	Hypotriorchis
303	hypsometry
304	hysteric
305	The
306	iambical
307	iljex
308	ice
309	ice-elevator
310	plow
311	ichnology
312	Ichthyornis
313	icon
314	Great
315	ictus
316	ideal
317	idempotent
318	idiasm
319	idiosyncrasy
320	idle
321	idolatrous
322	idyl
323	ignify
324	iguorance
325	ihleite
326	iliac
327	llkon
328	iUative
329	ill-fated
330	illiteracy
331	illude
332	illuminism
333	lllustriousness
334	imagery
335	imagine
336	imblazon
337	imide
338	immanent
339	immediacy
340	immerited
341	imimtigably
342	immortality
343	inmiutation
344	impalement
345	impart
346	impatible
347	impeachment
348	impenetrable
349	imperceptible
350	imperialism
351	impersonality
352	impetrate
353	impious
354	impllable
355	imply
356	importable
357	importunity
358	impost
359	impoverish
360	imprescribable
361	impressionable
362	imprisoner
363	impropriation
364	improvident
365	impugnation
366	impurity
367	in
368	a
369	inadecLuatlon
370	inanimate
371	inaquate
372	inauguratory
373	incalculable
374	Incapsulate
375	incautious
376	incensive
377	incest
378	incidence
379	incisive
380	inclination
381	inclusion
382	incombustible
383	incommunicating
384	incomportable
385	mconcinnous
386	inconsecutive
387	inconstance
388	inconvenient
389	incorporeal
390	increase
391	increst
392	incublture
393	incur
394	inde
395	indefectible
396	indemnity
397	indenture
398	indesert
399	index
400	Indian
401	indicative
402	indifference
403	indigestion
404	Indigo-plant
405	indiscreet
406	indissolvable
407	Individualism
408	indivulsively
409	indorse
410	induce
411	induction
412	indulge
413	indusium
414	inebriate
415	inelegant
416	Inequitelx
417	inessential
418	inexorable
419	inexpressible
420	infame
421	infantry
422	infection
423	inference
424	infernal
425	infidel
426	infinite
427	infirmary-
428	inflated
429	inflicter
430	influx
431	informative
432	inftahyoid
433	infringe
434	infuser
435	Flowering
436	ingeniousness
437	ingloriously
438	ingrave
439	inhabitance
440	inherit
441	iuhold
442	iniquitous
443	injealous
444	injunction
445	ink
446	ink-writer
447	inlyt
448	iunated
449	innocence
450	Innovation
451	inoculate
452	inorganic
453	inquest
454	inquisition
455	insane
456	Insatisf
457	Insecta
458	insecurity
459	insert
460	insidious
461	He
462	insolent
463	inspector
464	An
465	instanter
466	instinct
467	institution
468	instrument
469	insubordination
470	insulate
471	insurance
472	insusceptive
473	integral
474	intellect
475	intelligence
476	intemperature
477	inteneration
478	intent
479	inter-
480	intercalation
481	interchange
482	intercommon
483	intercultural
484	interduce
485	interfere
486	intergrade
487	interjectural
488	interlock
489	intermaxillary
490	intermezzo
491	intermixtion
492	international
493	interosseus
494	interpolate
495	interpretate
496	interrogation-point
497	intersegmental
498	interstratify
499	interval
500	interviewing
501	intestine
502	intinction
503	intort
504	iatramandibular
505	intratelluric
506	intrigue
507	introduction
508	introversion
509	intuition
510	inunction
511	invaginate
512	AChief
513	inventive
514	Inverted
515	investiture
516	inviolability
517	invite
518	involucnim
519	inTulnerable
520	in
521	Ionic
522	ipse
523	Iresine
524	Epidermis
525	Iron
526	iron-bound
527	ironwood
528	irrationality
529	irreducible
530	irrelative
531	irreprehensibly
532	irretrievability
533	irritable
534	Isaac
535	ischiopubic
536	isinglass
537	isoclinal
538	isoclinal
539	isogoniostat
540	isomorphous
541	Isosoma
542	issuance
543	isthmian
544	Italian
545	-ite
546	Ithuriel's-spear
547	-ive
548	ivy-leaf
549	The
550	jacana
551	jack
552	jack-at-the-hedge
553	Jack-lamp
554	jackstraw
555	Jacob's-ladder
556	jade
557	jaggy
558	Jakes
559	jamb-post
560	Jansenism
561	jape
562	jargon
563	jaspery
564	jaup
565	jaw-tooth
566	jee
567	jellify
568	jeopardy
569	Jerkin-head
570	jest
571	jet
572	jettyhead
573	jewel-weed
574	jibe
575	jiggered
576	jingle
577	Joannite
578	jockey
579	Joe-Millerism
580	Johnanapes
581	joinder
582	joint-grass
583	jolliment
584	Joseph
585	cap
586	Jovial
587	joyless
588	juchten
589	judge
590	judgment
591	judiciary
592	jugglery
593	Juliflorae
594	jump
595	Juncus
596	Juniper
597	Juno
598	juratory
599	jury
600	just
601	justiciary
602	jut
603	The
604	kafiz
605	kale
606	kalpa
607	kangaroo
608	Kapitia
609	Broad-
610	keckle
611	keeled
612	keep
613	keep
614	keeping
615	kelp
616	ken
617	kent
618	kerite
619	Kerria
620	kettledrum
621	key
622	keyboard
623	kesrway
624	kibbler
625	kickup
626	Leaf
627	kill
628	kiln
629	kin
630	kind
631	kindness
632	king
633	kingfish
634	king's-hood
635	kinswoman
636	kirtle
637	kit
638	kite
639	kittle
640	knack
641	Knapweed
642	knee
643	kneestead
644	knife-edge
645	knight-head
646	knitting-macliiiie
647	knock
648	knot
649	knot-grass
650	know
651	knowledgeable
652	knnmed
653	Eogia
654	kosmic
655	Krishna
656	Kurdish
657	The
658	label
659	labiose
660	IK-
661	laburnine
662	lac
663	lace
664	laceration
665	Laciniate
666	lack-thought
667	I
668	lactocrite
669	lad
670	ladle
671	lady-hen
672	lafayette
673	laggen
674	Lagotis
675	laits
676	lakin
677	lambeauxed
678	Lamellibranchiata
679	Lamiales
680	lamiter
681	lampas
682	lamprey
683	lance
684	Eiigla
685	land-bank
686	landlady
687	landscape
688	lane
689	language
690	langnlsliness
691	lanneret
692	lantern
693	lap-
694	Laphygma
695	Lapiths
696	lapse
697	larcenous
698	lareover
699	largition
700	larrick
701	internally
702	lasli
703	last
704	laster
705	latch
706	latent
707	latescence
708	lathe
709	latialite
710	Latiner
711	latitude
712	lattennore
713	lauder
714	lannch
715	Branch
716	lavage
717	lavender
718	law
719	law
720	la
721	law-officer
722	lay
723	lay
724	layer-on
725	lazy
726	lead
727	lead
728	leading
729	leaf
730	leaful
731	leaky
732	leap
733	lease
734	leat
735	leather-lap
736	leave
737	lech
738	lecturer
739	ledger
740	leech-gaiters
741	leet
742	leg
743	legate
744	leger
745	legislative
746	leg-muff
747	leisurely
748	lemniscate
749	Lemuria
750	length
751	lens
752	lenticular
753	leonine
754	lepadoid
755	Lepidosauria
756	lepra
757	Leptoceridse
758	Leptoptilua
759	Lerra
760	lessee
761	let
762	lethal
763	letter
764	lettering-tool
765	leucaniline
766	leucostine
767	levator
768	level
769	leven
770	levigate
771	levy
772	lexicography
773	liar's-bench
774	Libellulinse
775	liberate
776	liberty
777	libration
778	licentiation
779	lichi
780	licorice-paste
781	lie
782	lie
783	lientery
784	life
785	A
786	lift
787	I
788	Ught
789	light
790	lighten
791	lighting
792	lightning-print
793	lignitize
794	like
795	likelihood
796	lilac-rust
797	Lima
798	limbec
799	lime
800	Limicolse
801	limitation
802	limner
803	limp
804	linch-hoop
805	line
806	line
807	llneate
808	linesman
809	lingual
810	link
811	linoleic
812	Liodon
813	lionize
814	Liparieje
815	Lipoptera
816	liquefaction
817	liquor
818	Lisbon
819	list
820	lister
821	Ute
822	literature
823	lithic
824	lithographic
825	Lithospermum
826	litmus
827	little
828	liturgy
829	live
830	liver
831	livery-office
832	lizard
833	load
834	loafer
835	loathe
836	lobe
837	Lobotidae
838	local
839	locator
840	lock
841	lock-pulley
842	locomotive
843	locust
844	lodge
845	log
846	Logarithmic
847	logic
848	logographically
849	Loiseleuria
850	lollypop
851	An
852	long
853	longanimous
854	longiperoneus
855	longspuT
856	look
857	lookout
858	loon
859	loose
860	lop
861	lophophore
862	Itoranthacese
863	lordless
864	loricate
865	lose
866	lot
867	lotto
868	louk
869	lout
870	love
871	love-lies-bleeding
872	low
873	Low-churchman
874	loxarthrus
875	lozengewise
876	Lucanus
877	Lucifer
878	lucky
879	ludicrous
880	lug
881	Lullist
882	lumbrlc
883	lump
884	lunarium
885	Itmette
886	lunitidal
887	lurch
888	luridly
889	lust
890	lustrate
891	Lutetia
892	luxuriant
893	lycanthropy
894	widely
895	natural
896	lymphatio
897	Lyperanthus
898	lysigenons
899	
900	
901	
902	
903	v
904	
