13	prickly
14	salt
15	salt-cellar
16	salt-marsh
17	salutatory
18	salvation
19	sam
20	same
21	Upper
22	Samydaceae
23	sanctimoniously
24	sanctuary
25	sandalwood
26	sanded
27	sanding-plate
28	sandpiper
29	Sand
30	sangsue
31	sanguinous
32	sanjakate
33	Santenot
34	Saperda
35	Sapium
36	sapphire
37	Sarabaite
38	sarcitis
39	sarcome
40	sarcotheca
41	san
42	sarsaparilla
43	sasine
44	satchel
45	satin-de-laine
46	satirist
47	satle
48	Saturn
49	Satyri
50	saucy
51	Sauriclitliyidae
52	Saururse
53	savage
54	save
55	savior
56	savory
57	sawbelly
58	saw-table
59	Flowering
60	say
61	Sayornis
62	scabious
63	A
64	scald-head
65	scale
66	Middle
67	scaling
68	scalp
69	see
70	scandalize
71	scant
72	scapel
73	scaphopodous
74	scapnloradial
75	scarce
76	scarecrow
77	scarify
78	scart
79	Scatophagoidea
80	scavenge
81	scene
82	scent
83	schalstein
84	scheme
85	Schinus
86	schistotliorax
87	Schizonemertina
88	schinelze
89	scholasticism
90	school
91	school-pence
92	Schwenkfeldian
93	science
94	Scilla
95	scioptic
96	scissors
97	sclere
98	sclerosed
99	scoffer
100	Scolopacids
101	Scombridse
102	scone
103	Scopelidae
104	scorch
105	scorer
106	scorodite
107	scorpion
108	scot
109	Scotist
110	SCOUT
111	scout
112	scragged
113	scrape
114	scrat
115	I
116	screen
117	screw
118	screw-fish
119	scribacious
120	scnmer
121	I
122	scrofula
123	Scrophularineae
124	scruff
125	scTutine
126	scuff
127	sculpin
128	scumber
129	scurfy
130	scutcher
131	scutiped
132	Scyllarus
133	scythe
134	sea
135	sea-bream
136	sea-dog
137	reniform
138	seal
139	sea-leopard
140	seam
141	sea-mussel
142	sear
143	search-light
144	season
145	sea-swine
146	sea-turtle
147	sebaceous
148	secern
149	Two-handed
150	secondary
151	secret
152	secretary-bird
153	sect
154	sectionality
155	secularism
156	securely
157	sedateness
158	sediment
159	Sedum
160	see
161	seeding-machine
162	seeker
163	seenung
164	seethe
165	segregant
166	seme
167	Seisura
168	A
169	seldom
170	selector
171	self
172	self-command
173	self-denying
174	self-importance
175	self-perplexed
176	self-sterile
177	sell
178	semblable
179	semiaquatic
180	semi
181	semi-menstrual
182	semiology
183	Seniisagit-
184	semi-uncial
185	sen
186	send
187	seneschal
188	senor
189	sense
190	sense-rhythm
191	sensitive
192	sensualist
193	sententiously
194	sentinel
195	separation
196	dim
197	Septembrist
198	septile
199	sepulcher
200	sequent
201	SecLUoia
202	Serapias
203	sereneness
204	sergeant
205	Sericma
206	seringa
207	sermoning
208	serpentaria
209	serpentinize
210	Serrate
211	serum
212	serve
213	server
214	serviceable
215	serving-man
216	Sesame
217	sesquisulphid
218	sestina
219	set
220	set
221	set
222	set
223	Sethi
224	settee
225	settle
226	settled
227	seven
228	seven-thirty
229	severalty
230	sew
231	sewing-machine
232	sezagene
233	sextant
234	sexual
235	shack
236	of
237	shadow
238	shad-spirit
239	snafting-box
240	shake
241	shaker
242	shall
243	shallow
244	shame
245	shammy
246	shank-spring
247	sbapeless
248	share
249	Bharnbod
250	sharp
251	shaup
252	shawl-waistcoat
253	shear
254	sheartail
255	sheave
256	shedding-motion
257	sheepish
258	sheep-tick
259	sheet
260	shekel
261	shell
262	Shelley's
263	sheltron
264	shepherd
265	sheriffalty
266	shield
267	shield-urchin
268	shifting-boards
269	shimmer
270	shine
271	shinny
272	ship
273	ship-money
274	shire
275	sMrt-front
276	shivery
277	shock
278	shoe
279	shofar
280	shoot
281	shooting
282	shopmate
283	shoreweed
284	short
285	shorthand
286	is
287	shot-cartridge
288	shoulder
289	shouldering-file
290	shove
291	show
292	shower
293	shrapnel
294	shrewd
295	shright
296	shrine
297	shrive
298	Shroud
299	shrug
300	shuffle
301	shunt
302	shut
303	shuttlecock
304	SI
305	Siberian
306	siccative
307	sick-bay
308	sickless
309	side
310	side
311	side-cutting
312	sidereal
313	side-slip
314	siding-hook
315	siesta
316	Sigalphus
317	sight
318	Sigillaria
319	sign
320	signa
321	signal-service
322	signiflcancy
323	sike
324	silent
325	silicify
326	silk
327	silkworm
328	silly
329	Silvattus
330	silver-barred
331	silver-print
332	simblot
333	similitude
334	Simonianism
335	simple
336	simplician
337	simulant
338	Bin
339	sincerity
340	sinew
341	sing
342	single
343	single-lunged
344	singular
345	sinister
346	sink
347	sinologue
348	sinus
349	siphon
350	Siphonophora
351	sipylite
352	siren
353	sirocco
354	slst
355	sit
356	Sitaris
357	sitte
358	Sivaite
359	sixteenth
360	size
361	skate
362	skeer-devil
363	skeleton
364	Skene
365	sketch
366	skewer
367	skill
368	skimmer
369	skin
370	skinner
371	skipper
372	skirret
373	skittle
374	skulk
375	skullcap
376	sky-gazer
377	slab-line
378	slaer
379	slander
380	slang-whanger
381	slash
382	slate
383	Slav
384	slavisli
385	sled
386	sleeking
387	sleeper
388	sleeve
389	slender
390	slidable
391	slider
392	slight
393	sling
394	sUp
395	slip-board
396	slipslop
397	sliver
398	sloke
399	slopely
400	Blotter
401	slovenous
402	slubber
403	sluggard
404	slmnber
405	slur
406	Blype
407	small
408	smaragd
409	smash
410	smede
411	smelt
412	Smilax
413	smitch
414	smock
415	the
416	smolder
417	smoother
418	smudge
419	smutch
420	snaggy
421	snake
422	Snakestonc
423	snap-back
424	snare
425	snatcMng-roller
426	sneer
427	sniff
428	snipe
429	snobbism
430	snotter
431	snowbird
432	snowlike
433	snub
434	snuff
435	snuggle
436	BO
437	soap
438	soaproot
439	sober
440	sociable
441	society
442	socket
443	soda-alum
444	sofa
445	softener
446	soil
447	sol
448	Solanum
449	Sun-Star
450	soldier
451	sole
452	solemn
453	Solenoglyplia
454	solicit
455	solid
456	Solidago
457	solilocLuize
458	solitude
459	solsticion
460	solutive
461	somatome
462	some
463	somewhither
464	somonattnce
465	song
466	sonometer
467	sooth
468	soothsayer
469	sophister
470	Sophora
471	sorbition
472	sore
473	Soricident
474	sorrow
475	sort
476	soss
477	souder
478	Soulamea
479	sound
480	sound
481	soup
482	sous
483	South
484	southwardly
485	sovereignty
486	Sow-thistle
487	On
488	spade-gtiinea
489	spale
490	spane
491	Spanish
492	spar
493	Sparganium
494	sparkle
495	sparrow-hawk
496	spasm
497	spatha
498	spatulamancy
499	spawning-screen
500	speaker
501	spearmint
502	specialize
503	species
504	specify
505	speckless
506	spectatorial
507	spectroscope
508	specular
509	speculum
510	speed-
511	speer
512	spell
513	spency
514	SpergTilaria
515	spermatogemma
516	sperm-momla
517	spermule
518	sphaeridium
519	Sphecius
520	Human
521	Sphenozamites
522	spherical
523	Sphindus
524	sphygmograph
525	spiced
526	spicy
527	spider-wasp
528	Spikenard
529	spiller
530	spin
531	Spinas
532	spine
533	spinner
534	spinster
535	Flat
536	spire
537	spirit
538	spiritless
539	spirituous
540	spit
541	spitted
542	splash
543	spleenwort
544	splenological
545	split
546	spodomantlc
547	spoke-shave
548	Spondylus
549	sponge-spicule
550	spongy
551	spoon
552	Of
553	sporophydium
554	sportive
555	i
556	spradde
557	sprayer
558	spreader
559	spring
560	spring
561	springe
562	Dfgeeria
563	sprite
564	or
565	spuilzie
566	spur
567	spurn
568	spur-winged
569	squab
570	a
571	Squamipinnes
572	square
573	square
574	squash
575	sctuattocracy
576	squeeze
577	SQUid
578	squint
579	Same
580	stabilitate
581	Stactaydeae
582	stadholder
583	staff
584	stage
585	stagger
586	Stahlianism
587	stake
588	stale
589	stalkoes
590	stallman
591	stamin
592	stamp
593	stamp-mill
594	stand
595	stand
596	stand
597	standard-bearer
598	stand-offishness
599	stannery
600	Staphylinns
601	star
602	star-capsicum
603	stare
604	stark
605	star-read
606	start
607	starve
608	state
609	stateswoman
610	stationer
611	statuminate
612	statuvolism
613	stay
614	stay-rod
615	steak
616	steam
617	steam-engine
618	steam-kettle
619	steatornithine
620	steel
621	steenbok
622	steepness
623	steersman
624	stele
625	stelochite
626	Stemodia
627	stenograpMcally
628	step
629	Stephanie
630	stercoral
631	stereographic
632	stereotypery
633	stem
634	Sternins
635	stemoxine
636	stethoBcopic
637	steward
638	stick
639	stick
640	Nest
641	stiffen
642	Stigmaria
643	still
644	stilpnomelane
645	stimulus
646	stingy
647	stint
648	stipulax
649	stir
650	stitch
651	stoccade
652	stock
653	stock-exchange
654	stog
655	I
656	stomach
657	stomatitis
658	stone
659	stonecat
660	stoneman
661	stook
662	stoop
663	stop
664	stop-collar
665	stop-ship
666	storehouse
667	storm
668	stomello
669	An
670	stove
671	strabismus
672	straight
673	strain
674	strait
675	stramash
676	stranger
677	strap-work
678	Stratiotes
679	strawberry
680	stray
681	stream
682	street-car
683	strenulty
684	Streptostylica
685	stretcher
686	strict
687	Striges
688	strike
689	strike
690	striking-plate
691	stringer
692	stripe
693	strobiliferous
694	strokle
695	strong
696	Strongylocentrotus
697	strub
698	stnunstTiim
699	Stryclinos
700	stub-mortise
701	studiedly
702	stuff
703	stuffing-wheel
704	stump
705	stuntness
706	sturdy
707	stutter
708	style
709	stylistically
710	stylotypite
711	Buasory
712	subandean
713	Subcoccinella
714	subdiatessaron
715	subesophageal
716	subimaginal
717	subject
718	subjectivize
719	sublimate
720	sublingua
721	submission
722	suboctave
723	subpallial
724	subrogate
725	subseauent
726	subsist
727	substance
728	substantive
729	substrate
730	Subtetramera
731	subtle
732	subulate
733	subvesicular
734	succession
735	succorable
736	such
737	sucker
738	sudamiiia
739	sue
740	sufferer
741	suffossion
742	sufic
743	sugariness
744	suggestion
745	suist
746	suitor
747	sulk
748	sulphate
749	sulphureously
750	sultry
751	Sumbul
752	summer-room
753	I
754	sun
755	sunbow
756	Face
757	sun-god
758	sunshine-recorder
759	super-
760	superbitertial
761	superessential
762	superfluity
763	superintender
764	supernal
765	Buperplus
766	supersolid
767	supervene
768	suppeditate
769	supplementation
770	supply
771	supportation
772	supposititious
773	supraciliary
774	supranatural
775	supremacy
776	surcharge
777	sure
778	surface
779	surface-plane
780	surge
781	surmark
782	Anglican
783	surquidry
784	surround
785	survey
786	susceptibility
787	suspectless
788	suspensor
789	sustain
790	Suthora
791	suture
792	swag
793	swallow
794	swallow-shrike
795	swamp-mahogany
796	swanky
797	swarm
798	swash
799	sway
800	sweat
801	The
802	sweep
803	sweeps
804	sweet-bay
805	sweet-oil
806	swell-fish
807	swevening
808	swill
809	swimming-bell
810	swing
811	swinge
812	swink
813	switch
814	swither
815	sword
816	sword-dollar
817	swum
818	sycophantic
819	syllable
820	syllogism
821	Sylvicolidae
822	symbolically
823	symmetry
824	sympathize
825	Symphoricarpos
826	V
827	synagogue
828	synapte
829	synchoresis
830	syncope
831	syndicate
832	Synetherinae
833	synod
834	synonymical
835	synsarcosis
836	Syntractris
837	syringeful
838	syrup
839	system
840	Systoechus
841	The
842	tabasheer
843	tabernacle
844	table
845	table
846	tablet
847	taboo
848	tac-au-tac
849	Tachyglossa
850	tack
851	tackle
852	In
853	Tseniocampa
854	tag
855	tagtail
856	tail
857	tail-feather
858	tail-valve
859	take
860	take
861	take
862	take
863	taket
864	tale
865	talent
866	talisman
867	talkee-talkee
868	tallow-face
869	tally-shop
870	tamanu
871	tambour
872	tame
873	tampon
874	Tanagra
875	tangent
876	tangle
877	tank-car
878	tansy
879	tantrum
880	tap
881	tapestried
882	tapir
883	tap-pickle
884	Tarannon
885	Tardieu's
886	target
887	tarnish
888	tarryour
889	tarsus
890	tartanun
891	tass
892	taste
893	tasto
894	tatterdemalion
895	tau-bone
896	taut
897	taw
898	tax
899	taxin
900	T-bar
901	tea
902	teak
903	tear
904	teaser
905	
906	
907	
908	
909	mm
910	
