15	technicality
16	haV
17	teemfol
18	tegh
19	telantograph
20	telegraph
21	telegraphy
22	teleostome
23	telephony
24	telescope
25	telfordize
26	telltale
27	temerarious
28	temper
29	
30	tempestively
31	templiiy
32	temporary
33	temptation
34	tenaculum
35	tend
36	tender
37	tendon
38	tenement-house
39	tenoT
40	tension
41	tent
42	tent-caterpillar
43	tMitorial
44	tepefaction
45	terce
46	teredo
47	term
48	term
49	Terminalla
50	termltiiie
51	TernstroemiacesB
52	terrse
53	terrestrial
54	territorial
55	tertian
56	Tessaria
57	test
58	tester
59	testimony
60	testudo
61	Pearly
62	Tetradecapoda
63	Tctra
64	tetrapleural
65	tetrasyllable
66	teuthidoid
67	teztUe
68	-th
69	thalassographic
70	Thamnobia
71	thank
72	Tharos
73	that
74	thanmattiTgism
75	T-head
76	theatromania
77	theftuous
78	theme
79	theodicsea
80	theologns
81	theorbo
82	theorem
83	theorem
84	theorlcon
85	theralite
86	thereat
87	therenpon
88	thermically
89	I
90	thermometer
91	thermotelephone
92	Thespesia
93	I
94	tUck
95	I
96	thlgger
97	fhln
98	thing
99	think
100	thio-ether
101	thirled
102	this
103	Thtstle-merfc
104	fhole
105	thoracic
106	thorax
107	thorn-broom
108	thoroaghbred
109	VhovL
110	thoughtful
111	thraU
112	thread
113	thread-tailed
114	three
115	three-quarter
116	threshold
117	ft
118	thriving
119	f
120	throstle
121	through-going
122	tiirow
123	thnun
124	thrust
125	ttang
126	thume
127	thunderbolt
128	thnnder-Btroke
129	ons
130	thwart
131	thymic
132	Thysanocarpus
133	tibiale
134	tick
135	tickle
136	tidal
137	tide-gate
138	tie
139	tierras
140	tiger
141	tight
142	tile
143	TlUa
144	Tillandsia
145	tut
146	timber
147	time
148	time
149	timely
150	Flowering
151	tinchel
152	tinder-like
153	Tingitidae
154	tinning-metal
155	tintamar
156	tip
157	tipple
158	tirailleur
159	tiresol
160	tissue
161	Titan
162	tithe
163	title
164	titration
165	Tityra
166	to
167	toad-eater
168	toast
169	tobacco-knife
170	tocher
171	todlowrey
172	toft
173	toggle-press
174	toilette
175	tola
176	toU
177	toll-man
178	tomato-gall
179	tomfool
180	tonal
181	tone
182	tongue
183	tongued
184	tonic
185	k
186	tool
187	toot
188	tootb
189	Tooth
190	top
191	toparchy
192	topgallant
193	topmast
194	topsail
195	topsytnrvyfication
196	torcnlar
197	tormentil
198	torpedo
199	torpor
200	torrid
201	I
202	tortuosity
203	tory
204	toss
205	totalization
206	totipalmation
207	toach
208	touch
209	touchstone
210	tourmalin-granite
211	tonzle
212	tower
213	to
214	towse
215	toy
216	trace
217	trachea
218	trachelo-occipitalis
219	Trachynotus
220	tracker
221	Tractarian
222	trade
223	trade-Tmionism
224	traditor
225	I
226	tragopan
227	trail
228	train
229	train-oil
230	tralucency
231	tramp
232	tranknm
233	b
234	transcriptive
235	transfer-day
236	transformable
237	transfimd
238	transilient
239	transitioiiary
240	translation
241	transmigration
242	transmute
243	transpassable
244	transpontine
245	transposition
246	transvase
247	transversus
248	trap
249	trapezoidiform
250	trashily
251	travel
252	traverse
253	travertia
254	treacher
255	tread
256	treasure
257	treat
258	treaty
259	treck
260	tree-craeper
261	tree-pruner
262	treget
263	trematode
264	tremor
265	trencher-critic
266	trepanner
267	Doulile
268	triable
269	trial
270	triangle
271	Triassic
272	tribromphenol
273	tribute
274	Trichiacese
275	Trichocephalus
276	Trichonotus
277	trick
278	trickly
279	tricuspidated
280	tridigltate
281	trifle
282	triform
283	trigloid
284	trigonoid
285	triU
286	trilobite
287	Trimera
288	trindle
289	trinity
290	trinomial
291	Triopidae
292	trip-book
293	triple
294	tripod
295	tripudiate
296	trisplanclmic
297	triticens
298	Triumfetta
299	I
300	triviam
301	TrocMlium
302	trode
303	troika
304	trollopee
305	troopial
306	trophosphere
307	tropology
308	troubadour
309	trough
310	trout-stream
311	truant
312	truck-farmer
313	tme
314	tnunean
315	trtunpet
316	Truncate
317	trunk
318	truss
319	trust
320	trusty
321	try
322	Trypoxylon
323	Tsnga
324	tabe
325	tubercle
326	tube-shell
327	tu-brugge
328	tub-wheel
329	tucker
330	tnff
331	tug-book
332	Tnlllan
333	tumbler
334	tumidity
335	tun
336	Tunic
337	ttming-fork
338	Tupaia
339	turbid
340	turbot
341	I
342	turkey
343	Turko
344	turn
345	tnm
346	turn
347	tnmbuckle
348	tnming-saw
349	turnstile
350	Turpinia
351	turtle
352	tusk
353	tutenag
354	tuzzy
355	twat
356	Twelfth-day
357	twichild
358	twigsome
359	twin
360	twine-holder
361	twinleaf
362	twist
363	twistle
364	two
365	Tyburn
366	tympanic
367	tympannin
368	type
369	type-measure
370	typhomania
371	typtologist
372	tyranny
373	M
374	Uckewallist
375	tTjimyla
376	ulna
377	nltime
378	inula
379	umbery
380	umbrage
381	umbrella-bird
382	tunwhile
383	un-
384	tmabased
385	A
386	tmappeased
387	tmattempted
388	unbefooKun-be-fol'
389	unbending
390	unbolt
391	Tmbnilt
392	Tinceaseable
393	tmchristen
394	imciTlIized
395	nncombine
396	unconditioned
397	Tincontenmed
398	Tmcouthly
399	The
400	tindeUy
401	tmder
402	underdrain
403	underiTedness
404	underpay
405	undersleep
406	undertake
407	underwork
408	undiscemedly
409	undividual
410	undolary
411	nneaths
412	nnethes
413	unfaithful
414	unflrm
415	unfortunate
416	tingatliered
417	ungovemed
418	nngniform
419	nnliang
420	unheedingly
421	Uniat
422	iinideal
423	Tinigenital
424	uninfluenced
425	union
426	tmipartite
427	unit
428	unite
429	nnivalve
430	university
431	unkindsMp
432	unlawful
433	tmllinlted
434	unlate
435	tuunaze
436	tmmitigable
437	umnutable
438	xmobjectionable
439	unpalatable
440	nnperjured
441	nnpleadable
442	tinpossible
443	tmpriest
444	Also
445	anqoit
446	unrecognizably
447	Jane
448	unrestrainedness
449	unrude
450	unscriptural
451	onserviceableness
452	Tmsightliness
453	unsoul
454	imsteadfastly
455	unsupported
456	untangle
457	unthrift
458	antoiling
459	untrodden
460	nnusefulness
461	nnwarily
462	unwield
463	nnworship
464	np
465	upas
466	XJphantsenia
467	uplift
468	nprear
469	npsend
470	uptlirow
471	uraeus
472	Uranus
473	urcMn
474	urethra
475	urinary
476	TJrocerns
477	Urolestes
478	Urotrichus
479	UTtical
480	use
481	use
482	tistulate
483	usurpress
484	ntetheisa
485	utricle
486	ntterer
487	m
488	vaccinal
489	vacillation
490	vacuum-pump
491	vagina
492	Tagve
493	vair
494	Valentinian
495	Valhalla
496	valley
497	valuable
498	the
499	vamp
500	Tanadinite
501	Vanessa
502	vanity
503	rated
504	vaporole
505	variability
506	variation
507	Variegatse
508	Modified
509	varnish-tree
510	vascular
511	vase-painting
512	vast
513	Vandois
514	vaulting-tile
515	Vedanta
516	vegetaline
517	vehmgericht
518	vein
519	veinous
520	Velloziese
521	velvet
522	Venation
523	veneer-moth
524	Venus
525	vengeance
526	venom-duct
527	vent
528	ventilation
529	Tentriculus
530	Tenne
531	Venus's-slipper
532	verbally
533	verbosity
534	veretilliform
535	verify
536	The
537	vermilion
538	vernal
539	verruca
540	verse
541	version
542	vertebralis
543	verticallty
544	not
545	vesiculate
546	vessel
547	vested
548	vestry
549	veterinary
550	veyn
551	xribrant
552	Vlburniun
553	vice
554	viceroy
555	vicontiel
556	victorlatus
557	vicugna
558	vie
559	viewless
560	vigor
561	villa
562	villanize
563	vinarian
564	vine
565	vinery
566	viol
567	viol-block
568	violet
569	viper
570	Vireo
571	to
572	Tiridigenous
573	virtue
574	vimlence
575	visceripiiricardial
576	An
577	visionary
578	Tisiting-book
579	vital
580	vitiator
581	vitrescence
582	vituperation
583	vivers
584	vivisepnlture
585	vocal
586	vociferosity
587	voice
588	u
589	volatilizable
590	Volitantia
591	Voltairism
592	volume
593	voluntary
594	Voluspa
595	vomlc
596	vortex
597	vote
598	vow
599	voyagettr
600	vulgar
601	Vulpecula
602	vultTirine
603	The
604	wadding
605	waferer
606	wag
607	waggle
608	wagon-lock
609	wail
610	wagon-lock
611	wail
612	waist
613	wait
614	wake
615	Flowering
616	Waler
617	walk
618	wall
619	Wallerian
620	wallow
621	walnut
622	waltz
623	wander
624	wang-tooth
625	wanting
626	wapiti
627	I
628	warbler
629	war-cry
630	warden
631	ware
632	war-fain
633	warm
634	warn
635	warp
636	warrant
637	warry
638	was
639	wasb
640	Waste
641	wat
642	watch-clock
643	no
644	water
645	water
646	water-boatman
647	water-coloring
648	water-feather
649	water-hammer
650	water-lemon
651	water-meter
652	water-pore
653	water-shut
654	water-table
655	waterwitch
656	wattle
657	wave
658	waved
659	wavy
660	waxen
661	way
662	way
663	wayward
664	weakener
665	In
666	wear
667	wearisome
668	weather
669	weathered
670	weather-tile
671	weaver-finch
672	web-press
673	wedge
674	weed
675	week
676	weeping-cross
677	weigh
678	weight
679	I
680	weld
681	well
682	weU-being
683	well-known
684	It
685	welt-trimmer
686	wentletrap
687	west
688	westward
689	wetting-machine
690	wliale
691	whale-fishery
692	wharfing
693	what
694	whatsomever
695	wheatear
696	wheel
697	wheel-base
698	so
699	wheme
700	whereabout
701	whereunder
702	whether
703	I
704	whiff
705	took
706	whilom
707	whin
708	whip
709	whiphandle
710	whip-socket
711	whirlpit
712	whiskered
713	whist
714	whistle
715	I
716	white
717	white-eye
718	A
719	white
720	Whitsunday
721	who
722	whole
723	whoop
724	whortleberry
725	wicked
726	wide
727	-widgeon
728	The
729	wig
730	wUd
731	wildcat
732	wilfid
733	wilUi
734	The
735	once
736	willow-oak
737	vrtly
738	win
739	wind
740	wind
741	wind-break
742	winding-rope
743	windmilly
744	wind-scale
745	winebibbing
746	Wing
747	wing-case
748	wink
749	wuinow
750	winterberry
751	winze
752	wire
753	wirework
754	wise
755	msMul
756	wit
757	wit
758	vdtchingly
759	with
760	wither
761	within
762	with
763	I
764	wizard
765	woeful
766	wolf-fish
767	woman
768	womb-side
769	wonderfully
770	woo
771	wood-bird
772	woodcnt
773	woodhonse
774	woodpecker
775	woodpecker
776	wood-star
777	woody
778	wool-gathering
779	wool-work
780	word
781	work
782	work
783	workability
784	working-out
785	world
786	worm
787	wormpipe
788	worry
789	worship
790	worth
791	worthy
792	A
793	wrapper
794	vreatb
795	wrecker
796	wrenning
797	i
798	wring
799	writ
800	writhel
801	wrong
802	wryly
803	The
804	Zanthochroi
805	ZanthorrtuBa
806	zenia
807	Xenopicus
808	xerostomia
809	xiphoid
810	Xylina
811	Xylopia
812	The
813	yager
814	yank
815	yapster
816	yard-limit
817	yarrow
818	yclad
819	year
820	yearning
821	yelling
822	yellow
823	yellowroot
824	yem
825	yerk
826	yet
827	jrield
828	yoke
829	yolk
830	young
831	yonth
832	ytterbite
833	Yule
834	The
835	Zamites
836	the
837	zebra-parrakeet
838	zemindary
839	zephyr
840	Zeus
841	zinco
842	ziphioid
843	Zoarces
844	zoUverein
845	zonocillate
846	zooglcea
847	zoology
848	zodphyte
849	ZorUla
850	zunyite
851	zygolabialls
852	Anterior
853	LIST
854	AMENDED
855	LIST
856	AMENDED
857	AMENDED
858	AMENDED
859	AMENDED
860	AMENDED
861	LIST
862	LIST
863	LIST
864	LIST
865	LIST
866	LIST
867	LIST
868	LIST
869	LIST
870	LIST
871	LIST
872	LIST
873	LIST
874	LIST
875	LIST
876	LIST
877	LIST
878	LIST
879	LIST
880	LIST
881	LIST
882	LIST
883	
884	
885	
886	
887	
888	
889	FE
890	
