page	entries	image	path	volume
3	Aalto; Ābādān	8	bpt6k1200512k	1
4	abattage	9	bpt6k1200512k	1
5		10	bpt6k1200512k	1
6	abattoir; Abbadides	11	bpt6k1200512k	1
7	Abbās [Ier le Grand]; 'Abbāssides	12	bpt6k1200512k	1
8		13	bpt6k1200512k	1
9		14	bpt6k1200512k	1
10		15	bpt6k1200512k	1
11	abbaye; abcès	16	bpt6k1200512k	1
12	Abd al-'Aziz [III ibn Sa'ūd]	17	bpt6k1200512k	1
13		18	bpt6k1200512k	1
14	Abd al-Rahmān [III]	19	bpt6k1200512k	1
15	Abdalwādiles; Abd el-Kader	20	bpt6k1200512k	1
16	Abd el-Krim	21	bpt6k1200512k	1
17	abdomen	22	bpt6k1200512k	1
18		23	bpt6k1200512k	1
19	Abdülhamid [Ier et II]; abeille	24	bpt6k1200512k	1
20		25	bpt6k1200512k	1
21		26	bpt6k1200512k	1
22		27	bpt6k1200512k	1
23	Abel (Niels Henrik)	28	bpt6k1200512k	1
24	Abélard (Pierre)	29	bpt6k1200512k	1
25	aberration[s]	30	bpt6k1200512k	1
26		31	bpt6k1200512k	1
27		32	bpt6k1200512k	1
28		33	bpt6k1200512k	1
29		34	bpt6k1200512k	1
30	Abidjan; Abomey (royaume d')	35	bpt6k1200512k	1
31	Abou-Simbel	36	bpt6k1200512k	1
32	Abramovitz (Chalom Yaacov)	37	bpt6k1200512k	1
33	abrasif	38	bpt6k1200512k	1
34	Abruzzes [et Molise]	39	bpt6k1200512k	1
35	absorption	40	bpt6k1200512k	1
36	abstraction	41	bpt6k1200512k	1
37		42	bpt6k1200512k	1
38		43	bpt6k1200512k	1
39		44	bpt6k1200512k	1
40		45	bpt6k1200512k	1
41	absurde (le sentiment de l')	46	bpt6k1200512k	1
42	Abū Nuwās (al-Hasan ibn Hāni')	47	bpt6k1200512k	1
43	abysse[s]	48	bpt6k1200512k	1
44	académie	49	bpt6k1200512k	1
45	académie[s] de musique	50	bpt6k1200512k	1
46	Académie royale de danse	51	bpt6k1200512k	1
47	Académie royale de peinture et de sculpture	52	bpt6k1200512k	1
48	académisme	53	bpt6k1200512k	1
49		54	bpt6k1200512k	1
50	Acadie	55	bpt6k1200512k	1
51	Acarien[s]	56	bpt6k1200512k	1
52	accélérateur [de particules]	57	bpt6k1200512k	1
53		58	bpt6k1200512k	1
54		59	bpt6k1200512k	1
55		60	bpt6k1200512k	1
56		61	bpt6k1200512k	1
57		62	bpt6k1200512k	1
58		63	bpt6k1200512k	1
59	accident	64	bpt6k1200512k	1
60		65	bpt6k1200512k	1
61		66	bpt6k1200512k	1
62		67	bpt6k1200512k	1
63		68	bpt6k1200512k	1
64		69	bpt6k1200512k	1
65	accidents [du travail]	70	bpt6k1200512k	1
66		71	bpt6k1200512k	1
67	acclimatation	72	bpt6k1200512k	1
68		73	bpt6k1200512k	1
69	accompagnement; accord	74	bpt6k1200512k	1
70	accouchement	75	bpt6k1200512k	1
71		76	bpt6k1200512k	1
72		77	bpt6k1200512k	1
73		78	bpt6k1200512k	1
74		79	bpt6k1200512k	1
75		80	bpt6k1200512k	1
76		81	bpt6k1200512k	1
77	accouplement	82	bpt6k1200512k	1
78		83	bpt6k1200512k	1
79	accoutumance	84	bpt6k1200512k	1
80	Accra	85	bpt6k1200512k	1
81	acculturation; accumulateur [électrique]	86	bpt6k1200512k	1
82		87	bpt6k1200512k	1
83	acétal[s]	88	bpt6k1200512k	1
84	acétonémie; acétylcholine	89	bpt6k1200512k	1
85	acétylène; Achantis; Achéen[s]	90	bpt6k1200512k	1
86	Achéménide[s]	91	bpt6k1200512k	1
87		92	bpt6k1200512k	1
88		93	bpt6k1200512k	1
89		94	bpt6k1200512k	1
90		95	bpt6k1200512k	1
91	achondroplasie; acide[s]; acide[s]-alcool[s]	96	bpt6k1200512k	1
92	acide[s]-aminé[s]	97	bpt6k1200512k	1
93	acide[s] carboxylique[s]; acide[s] cétonique[s]	98	bpt6k1200512k	1
94	acide[s]-phénol[s]	99	bpt6k1200512k	1
95	acidité; acido-basique (équilibre); acier	100	bpt6k1200512k	1
96		101	bpt6k1200512k	1
97		102	bpt6k1200512k	1
98		103	bpt6k1200512k	1
99	acné	104	bpt6k1200512k	1
100	Açores	105	bpt6k1200512k	1
101	acoustique	106	bpt6k1200512k	1
102	acoustique architectural; acrocyanose	107	bpt6k1200512k	1
103	acromégalie	108	bpt6k1200512k	1
104	Acropole [d'Athènes]; acte [juridique]; Actinie	109	bpt6k1200512k	1
105	actinium; Actinopode[s]	110	bpt6k1200512k	1
106	action (sociologie de l'); Action catholique	111	bpt6k1200512k	1
107		112	bpt6k1200512k	1
108	Action française	113	bpt6k1200512k	1
109	action sanitaire et sociale; activation	114	bpt6k1200512k	1
110	activation neutronique	115	bpt6k1200512k	1
111	activité; activité économique	116	bpt6k1200512k	1
112		117	bpt6k1200512k	1
113	acupuncture	118	bpt6k1200512k	1
114	Adam (les)	119	bpt6k1200512k	1
115	Adam (Henri Georges); Adam le Bossu	120	bpt6k1200512k	1
116	Adamov (Arthur)	121	bpt6k1200512k	1
117	Adams (Samuel, John et John Quincy); adaptation	122	bpt6k1200512k	1
118		123	bpt6k1200512k	1
119		124	bpt6k1200512k	1
120		125	bpt6k1200512k	1
121		126	bpt6k1200512k	1
122	Addis-Abeba; Addison (Joseph)	127	bpt6k1200512k	1
123	additif	128	bpt6k1200512k	1
124	adduction	129	bpt6k1200512k	1
125		130	bpt6k1200512k	1
126	Adélaïde	131	bpt6k1200512k	1
127	Aden; Adenauer (Konrad)	132	bpt6k1200512k	1
128		133	bpt6k1200512k	1
129	adénite; adénome; adénopathie; Ader (Clément)	134	bpt6k1200512k	1
130	adhérence	135	bpt6k1200512k	1
131		136	bpt6k1200512k	1
132	adhésif	137	bpt6k1200512k	1
133	Adler (Alfred); administration	138	bpt6k1200512k	1
134		139	bpt6k1200512k	1
135		140	bpt6k1200512k	1
136		141	bpt6k1200512k	1
137		142	bpt6k1200512k	1
138		143	bpt6k1200512k	1
139		144	bpt6k1200512k	1
140	adolescence	145	bpt6k1200512k	1
141		146	bpt6k1200512k	1
142	adoption	147	bpt6k1200512k	1
143	Adorno (Theodor Wiesengrund); adrénaline	148	bpt6k1200512k	1
144	Adriatique (mer); adsorption; adulte	149	bpt6k1200512k	1
145	Ady (Endre)	150	bpt6k1200512k	1
146	aérien[s] (transports)	151	bpt6k1200512k	1
147		152	bpt6k1200512k	1
148		153	bpt6k1200512k	1
149	aérien et aérospatial (droit)	154	bpt6k1200512k	1
150		155	bpt6k1200512k	1
151	aérienne (défense)	156	bpt6k1200512k	1
152		157	bpt6k1200512k	1
153	aérodynamique	158	bpt6k1200512k	1
154		159	bpt6k1200512k	1
155	aéroglisseur	160	bpt6k1200512k	1
156		161	bpt6k1200512k	1
157		162	bpt6k1200512k	1
158	aéronautique [et aérospatiale] (industrie)	163	bpt6k1200512k	1
159		164	bpt6k1200512k	1
160		165	bpt6k1200512k	1
161		166	bpt6k1200512k	1
162	aéronautique (médecine)	167	bpt6k1200512k	1
163	aéronavale	168	bpt6k1200512k	1
164		169	bpt6k1200512k	1
165	aéronomie; aéroport	170	bpt6k1200512k	1
166		171	bpt6k1200512k	1
167		172	bpt6k1200512k	1
168	aéroporté	173	bpt6k1200512k	1
169		174	bpt6k1200512k	1
170	aérosol; aérospatial (droit); aérospatiale (industrie); aérospatiale (médecine)	175	bpt6k1200512k	1
171	aérostation	176	bpt6k1200512k	1
172		177	bpt6k1200512k	1
173	aérotechnique	178	bpt6k1200512k	1
174	Aérotrain	179	bpt6k1200512k	1
175		180	bpt6k1200512k	1
176	Aertsen (Pieter)	181	bpt6k1200512k	1
177	Afars [et des Issas] (Territoire français des)	182	bpt6k1200512k	1
178	affaire[s] [maritimes] (Administration des); affectivité	183	bpt6k1200512k	1
179		184	bpt6k1200512k	1
180	affiche	185	bpt6k1200512k	1
181		186	bpt6k1200512k	1
182	affûtage	187	bpt6k1200512k	1
183		188	bpt6k1200512k	1
184		189	bpt6k1200512k	1
185	Afghānisān	190	bpt6k1200512k	1
186		191	bpt6k1200512k	1
187		192	bpt6k1200512k	1
188		193	bpt6k1200512k	1
189		194	bpt6k1200512k	1
190	Afrique	195	bpt6k1200512k	1
191		196	bpt6k1200512k	1
192		197	bpt6k1200512k	1
193		198	bpt6k1200512k	1
194		199	bpt6k1200512k	1
195		200	bpt6k1200512k	1
196		201	bpt6k1200512k	1
197		202	bpt6k1200512k	1
198		203	bpt6k1200512k	1
199		204	bpt6k1200512k	1
200		205	bpt6k1200512k	1
201		206	bpt6k1200512k	1
202	Afrique noire	207	bpt6k1200512k	1
203		208	bpt6k1200512k	1
204		209	bpt6k1200512k	1
205		210	bpt6k1200512k	1
206		211	bpt6k1200512k	1
207		212	bpt6k1200512k	1
208		213	bpt6k1200512k	1
209		214	bpt6k1200512k	1
210		215	bpt6k1200512k	1
211		216	bpt6k1200512k	1
212		217	bpt6k1200512k	1
213		218	bpt6k1200512k	1
214		219	bpt6k1200512k	1
215		220	bpt6k1200512k	1
216		221	bpt6k1200512k	1
217		222	bpt6k1200512k	1
218	Afrique romaine	223	bpt6k1200512k	1
219		224	bpt6k1200512k	1
220		225	bpt6k1200512k	1
221		226	bpt6k1200512k	1
222	Afrique [du] Sud (république d')	227	bpt6k1200512k	1
223		228	bpt6k1200512k	1
224		229	bpt6k1200512k	1
225		230	bpt6k1200512k	1
226		231	bpt6k1200512k	1
227		232	bpt6k1200512k	1
228		233	bpt6k1200512k	1
229		234	bpt6k1200512k	1
230		235	bpt6k1200512k	1
231		236	bpt6k1200512k	1
232	âge [de la Terre]	237	bpt6k1200512k	1
233	Agen; agent [de change]	238	bpt6k1200512k	1
234		239	bpt6k1200512k	1
235	agglomération [urbaine]	240	bpt6k1200512k	1
236		241	bpt6k1200512k	1
237	aggloméré; agglutination	242	bpt6k1200512k	1
238	Agnathe[s]	243	bpt6k1200512k	1
239	Agnon (Samuel Joseph); Agra	244	bpt6k1200512k	1
240	agréé; agressivité	245	bpt6k1200512k	1
241		246	bpt6k1200512k	1
242		247	bpt6k1200512k	1
243	agricole (enseignement)	248	bpt6k1200512k	1
244	agriculture	249	bpt6k1200512k	1
245		250	bpt6k1200512k	1
246		251	bpt6k1200512k	1
247		252	bpt6k1200512k	1
248		253	bpt6k1200512k	1
249		254	bpt6k1200512k	1
250	Agrigente; Agrippa (Marcus Vipsanius); Agrippine [la Jeune]; agrume[s]	255	bpt6k1200512k	1
251	Aguesseau (Henri François d')	256	bpt6k1200512k	1
252	aide [sociale]	257	bpt6k1200512k	1
253	Aigle; aiguillage	258	bpt6k1200512k	1
254	aile	259	bpt6k1200512k	1
255		260	bpt6k1200512k	1
256	aimant	261	bpt6k1200512k	1
257		262	bpt6k1200512k	1
258	Ain [01]	263	bpt6k1200512k	1
259	air	264	bpt6k1200512k	1
260		265	bpt6k1200512k	1
261	air comprimé	266	bpt6k1200512k	1
262	Aisne [02]; Aix-en-Provence	267	bpt6k1200512k	1
263		268	bpt6k1200512k	1
264		269	bpt6k1200512k	1
265	Aix-la-Chapelle	270	bpt6k1200512k	1
266	Ajaccio	271	bpt6k1200512k	1
267	Ajantā; ajustement [statistique]	272	bpt6k1200512k	1
268	Akbar	273	bpt6k1200512k	1
269	Akhmatova (Anna Andrïevna Gorenko); Akinari	274	bpt6k1200512k	1
270	Akkad	275	bpt6k1200512k	1
271		276	bpt6k1200512k	1
272	Aksoum; Akutagawa [Ryūnosuke]	277	bpt6k1200512k	1
273	Alabama; Alain (Émile Chartier, dit)	278	bpt6k1200512k	1
274	Alain-Fournier (Henri-Fournier, dit); Alains; Alaman[s]; Alaric [Ier]	279	bpt6k1200512k	1
275	Alaska	280	bpt6k1200512k	1
276	Alawïte[s]; Alba-Iulia; Albanie	281	bpt6k1200512k	1
277		282	bpt6k1200512k	1
278		283	bpt6k1200512k	1
279		284	bpt6k1200512k	1
280	Albe (Fernando Álvarez de Tolède, duc d')	285	bpt6k1200512k	1
281	Albee (Edward)	286	bpt6k1200512k	1
282	Albéniz (Isaac); Albers (Josef); Albert [le Grand] (saint)	287	bpt6k1200512k	1
283	Albert [1er]	288	bpt6k1200512k	1
284	Alberta	289	bpt6k1200512k	1
285	Alberti (Leon Battista); Alberti (Rafael)	290	bpt6k1200512k	1
286	Albi	291	bpt6k1200512k	1
287	Albigeois; albumen	292	bpt6k1200512k	1
288	albumine; albuminurie; Albuquerque (Afonso de); alcalin[s] (éléments et composés)	293	bpt6k1200512k	1
289		294	bpt6k1200512k	1
290	alcalino[-terreux] (éléments et composés); alcaloïde[s]	295	bpt6k1200512k	1
291	alcane[s]; alcène[s]	296	bpt6k1200512k	1
292	alchimie	297	bpt6k1200512k	1
293	Alcibiade; alcool[s et dérivés fonctionnels]	298	bpt6k1200512k	1
294		299	bpt6k1200512k	1
295		300	bpt6k1200512k	1
296		301	bpt6k1200512k	1
297		302	bpt6k1200512k	1
298		303	bpt6k1200512k	1
299		304	bpt6k1200512k	1
300	alcoolisme	305	bpt6k1200512k	1
301		306	bpt6k1200512k	1
302		307	bpt6k1200512k	1
303		308	bpt6k1200512k	1
304	Alcuin; Alcyne[s]	309	bpt6k1200512k	1
305	aldéhyde[s]; aldéhyde[s]-phénol[s]	310	bpt6k1200512k	1
306	aléatoire (musique); aléatoire (variable)	311	bpt6k1200512k	1
307		312	bpt6k1200512k	1
308	Aleijadinho (Antonio Francisco Lisboa, dit l'); Alemán (Mateo); Alembert (Jean le Rond d')	313	bpt6k1200512k	1
309	Alençon; Aléoutienne[s]; Alep	314	bpt6k1200512k	1
310	Alès	315	bpt6k1200512k	1
311	alésage	316	bpt6k1200512k	1
312	Alésia	317	bpt6k1200512k	1
313	Alexander (Harold George); Alexandre [le Grand]	318	bpt6k1200512k	1
314		319	bpt6k1200512k	1
315		320	bpt6k1200512k	1
316		321	bpt6k1200512k	1
317	Alexandre [III]	322	bpt6k1200512k	1
318	Alexandre [IV]; Alexandre [Ier]	323	bpt6k1200512k	1
319		324	bpt6k1200512k	1
320	Alexandre [II]	325	bpt6k1200512k	1
321	Alexandre [III]	326	bpt6k1200512k	1
322	Alexandrie	327	bpt6k1200512k	1
323		328	bpt6k1200512k	1
324		329	bpt6k1200512k	1
325		330	bpt6k1200512k	1
326	Alexis [Ier Commène]; Alfieri (Vittorio)	331	bpt6k1200512k	1
327	Alfred [le Grand]; Alfvén (ondes de)	332	bpt6k1200512k	1
328	Algardi (Alessandro); algèbre	333	bpt6k1200512k	1
329		334	bpt6k1200512k	1
330		335	bpt6k1200512k	1
331		336	bpt6k1200512k	1
332	algébrique [sur un anneau commutatif] (équation)	337	bpt6k1200512k	1
333		338	bpt6k1200512k	1
334	Alger	339	bpt6k1200512k	1
335		340	bpt6k1200512k	1
336	Algérie	341	bpt6k1200512k	1
337		342	bpt6k1200512k	1
338		343	bpt6k1200512k	1
339		344	bpt6k1200512k	1
340		345	bpt6k1200512k	1
341		346	bpt6k1200512k	1
342		347	bpt6k1200512k	1
343		348	bpt6k1200512k	1
344		349	bpt6k1200512k	1
345		350	bpt6k1200512k	1
346		351	bpt6k1200512k	1
347		352	bpt6k1200512k	1
348		353	bpt6k1200512k	1
349		354	bpt6k1200512k	1
350		355	bpt6k1200512k	1
351		356	bpt6k1200512k	1
352		357	bpt6k1200512k	1
353		358	bpt6k1200512k	1
354		359	bpt6k1200512k	1
355		360	bpt6k1200512k	1
356		361	bpt6k1200512k	1
357	Algonquin[s]; Algue[s]	362	bpt6k1200512k	1
358		363	bpt6k1200512k	1
359		364	bpt6k1200512k	1
360		365	bpt6k1200512k	1
361	Alide[s]	366	bpt6k1200512k	1
362	aliénation; aliment	367	bpt6k1200512k	1
363		368	bpt6k1200512k	1
364		369	bpt6k1200512k	1
365		370	bpt6k1200512k	1
366		371	bpt6k1200512k	1
367		372	bpt6k1200512k	1
368	aliment[s]	373	bpt6k1200512k	1
369		374	bpt6k1200512k	1
370		375	bpt6k1200512k	1
371	alimentaire (régime)	376	bpt6k1200512k	1
372		377	bpt6k1200512k	1
373		378	bpt6k1200512k	1
374		379	bpt6k1200512k	1
375	alimentation	380	bpt6k1200512k	1
376		381	bpt6k1200512k	1
377		382	bpt6k1200512k	1
378	alimentation rationnelle du bétail	383	bpt6k1200512k	1
379		384	bpt6k1200512k	1
380		385	bpt6k1200512k	1
381	alizé; Allāh; allaitement	386	bpt6k1200512k	1
382	Allemagne	387	bpt6k1200512k	1
383		388	bpt6k1200512k	1
384		389	bpt6k1200512k	1
385		390	bpt6k1200512k	1
386		391	bpt6k1200512k	1
387		392	bpt6k1200512k	1
388		393	bpt6k1200512k	1
389		394	bpt6k1200512k	1
390		395	bpt6k1200512k	1
391		396	bpt6k1200512k	1
392		397	bpt6k1200512k	1
393		398	bpt6k1200512k	1
394		399	bpt6k1200512k	1
395		400	bpt6k1200512k	1
396		401	bpt6k1200512k	1
397		402	bpt6k1200512k	1
398		403	bpt6k1200512k	1
399		404	bpt6k1200512k	1
400		405	bpt6k1200512k	1
401		406	bpt6k1200512k	1
402		407	bpt6k1200512k	1
403		408	bpt6k1200512k	1
404	Allemagne (République fédérale d')	409	bpt6k1200512k	1
405		410	bpt6k1200512k	1
406		411	bpt6k1200512k	1
407		412	bpt6k1200512k	1
408		413	bpt6k1200512k	1
409		414	bpt6k1200512k	1
410		415	bpt6k1200512k	1
411		416	bpt6k1200512k	1
412		417	bpt6k1200512k	1
413		418	bpt6k1200512k	1
414		419	bpt6k1200512k	1
415		420	bpt6k1200512k	1
416		421	bpt6k1200512k	1
417		422	bpt6k1200512k	1
418		423	bpt6k1200512k	1
419		424	bpt6k1200512k	1
420		425	bpt6k1200512k	1
421		426	bpt6k1200512k	1
422		427	bpt6k1200512k	1
423	Allemagne (République démocratique d')	428	bpt6k1200512k	1
424		429	bpt6k1200512k	1
425		430	bpt6k1200512k	1
426		431	bpt6k1200512k	1
427		432	bpt6k1200512k	1
428		433	bpt6k1200512k	1
429		434	bpt6k1200512k	1
430		435	bpt6k1200512k	1
431		436	bpt6k1200512k	1
432		437	bpt6k1200512k	1
433	allergie	438	bpt6k1200512k	1
434		439	bpt6k1200512k	1
435		440	bpt6k1200512k	1
436		441	bpt6k1200512k	1
437	alliage	442	bpt6k1200512k	1
438		443	bpt6k1200512k	1
439		444	bpt6k1200512k	1
440		445	bpt6k1200512k	1
441		446	bpt6k1200512k	1
442	Allier [03]	447	bpt6k1200512k	1
443	allumage	448	bpt6k1200512k	1
444	allumette	449	bpt6k1200512k	1
445		450	bpt6k1200512k	1
446	Alma-Ata; Almeida [Garett] (João Baptista de Silva Leitāo de)	451	bpt6k1200512k	1
447	Almohade[s]	452	bpt6k1200512k	1
448	Almoravide[s]	453	bpt6k1200512k	1
449		454	bpt6k1200512k	1
450	alopécie	455	bpt6k1200512k	1
451	Alpes	456	bpt6k1200512k	1
452		457	bpt6k1200512k	1
453		458	bpt6k1200512k	1
454		459	bpt6k1200512k	1
455		460	bpt6k1200512k	1
456		461	bpt6k1200512k	1
457		462	bpt6k1200512k	1
458		463	bpt6k1200512k	1
459		464	bpt6k1200512k	1
460		465	bpt6k1200512k	1
461	Alpes (Hautes-) [05]	466	bpt6k1200512k	1
462	Alpes-de-Haute[-Provence 04]	467	bpt6k1200512k	1
463	Alpes française	468	bpt6k1200512k	1
464	Alpes-Maritimes [06]; alphabet; Alphonse; Alphonse VI	469	bpt6k1200512k	1
465	Alphonse X [le Sage]	470	bpt6k1200512k	1
466	Alphonse XIII; alpinisme	471	bpt6k1200512k	1
467		472	bpt6k1200512k	1
468		473	bpt6k1200512k	1
469		474	bpt6k1200512k	1
470		475	bpt6k1200512k	1
471		476	bpt6k1200512k	1
472	Alsace	477	bpt6k1200512k	1
473		478	bpt6k1200512k	1
474		479	bpt6k1200512k	1
475		480	bpt6k1200512k	1
476		481	bpt6k1200512k	1
477		482	bpt6k1200512k	1
478	Altaï; Altdorfer (Albrecht)	483	bpt6k1200512k	1
479	alternateur	484	bpt6k1200512k	1
480		485	bpt6k1200512k	1
481	altitude	486	bpt6k1200512k	1
482	aluminium	487	bpt6k1200512k	1
483		488	bpt6k1200512k	1
484		489	bpt6k1200512k	1
485		490	bpt6k1200512k	1
486	Amanite[s]	491	bpt6k1200512k	1
487	Amarna; amas; Amazone	492	bpt6k1200512k	1
488	Amazonie	493	bpt6k1200512k	1
489	Ambroise [de Milan] (saint)	494	bpt6k1200512k	1
490	ambulance; amélioration [des bois]	495	bpt6k1200512k	1
491	aménagement [des établissements industriels]	496	bpt6k1200512k	1
492		497	bpt6k1200512k	1
493		498	bpt6k1200512k	1
494	aménagement du territoire	499	bpt6k1200512k	1
495		500	bpt6k1200512k	1
496		501	bpt6k1200512k	1
497		502	bpt6k1200512k	1
498		503	bpt6k1200512k	1
499	Aménophis [IV]; Amentifère[s]	504	bpt6k1200512k	1
500	américium; Amérique	505	bpt6k1200512k	1
501		506	bpt6k1200512k	1
502		507	bpt6k1200512k	1
503		508	bpt6k1200512k	1
504		509	bpt6k1200512k	1
505		510	bpt6k1200512k	1
506		511	bpt6k1200512k	1
507	Amérique (Indiens d'); Amérique latine	512	bpt6k1200512k	1
508		513	bpt6k1200512k	1
509		514	bpt6k1200512k	1
510		515	bpt6k1200512k	1
511		516	bpt6k1200512k	1
512		517	bpt6k1200512k	1
513		518	bpt6k1200512k	1
514		519	bpt6k1200512k	1
515		520	bpt6k1200512k	1
516		521	bpt6k1200512k	1
517		522	bpt6k1200512k	1
518		523	bpt6k1200512k	1
519		524	bpt6k1200512k	1
520		525	bpt6k1200512k	1
521		526	bpt6k1200512k	1
522		527	bpt6k1200512k	1
523		528	bpt6k1200512k	1
524	Amérique précolombienne	529	bpt6k1200512k	1
525		530	bpt6k1200512k	1
526		531	bpt6k1200512k	1
527		532	bpt6k1200512k	1
528		533	bpt6k1200512k	1
529		534	bpt6k1200512k	1
530		535	bpt6k1200512k	1
531		536	bpt6k1200512k	1
532		537	bpt6k1200512k	1
533		538	bpt6k1200512k	1
534	ameublement; amiante[-ciment]	539	bpt6k1200512k	1
535	amibiase; Amibien[s]	540	bpt6k1200512k	1
536	amide[s]	541	bpt6k1200512k	1
537	amidon	542	bpt6k1200512k	1
538		543	bpt6k1200512k	1
