13	Prickly
14	salt
15	salt-cellar
16	salt-marsh
17	salutatory
18	salvation
19	sam
22	same
23	Upper
24	Samydaces
25	sanctimoniously
26	sanctnary
27	I
28	sanded
29	sanding-plate
30	sandpiper
31	sandstone
32	sangsue
33	sanguinoas
34	sanjakate
35	after
36	Saperda
37	Sapium
38	sapphire
39	Sarabaite
40	sarcitis
41	sarcome
42	sarcotbeca
43	h
44	sarsaparilla
45	saslne
46	satchel
47	satin-de-laine
48	satirist
49	satle
50	Saturn
51	Satyri
52	saucy
53	Saurichtliyidae
54	Saunirse
55	savage
56	save
57	savior
58	savory
59	sawbelly
60	saw-table
61	Flowering
62	say
63	Sayornis
64	scabious
65	scagliola
66	scald-head
67	scale
68	scale
69	I
70	scalp
71	scanunonia
72	scandalize
73	scant
74	scapel
75	scaphopodous
76	scapuloradial
77	scarce
78	scarecrow
79	J
80	scart
81	Scatophagoidea
82	scavenge
83	I
84	scent
85	schalstein
86	scheme
87	Schinos
88	schistothoraz
89	Schizonemertina
90	schmelze
91	n
92	school
93	school-pence
94	Schwenkfeldian
95	science
96	Scilla
97	scioptic
98	scissors
99	sclere
100	sclerosed
101	n
102	Scolopacidae
103	Scombridx
104	scone
105	Scopelidae
106	scorch
107	scorer
108	scorodite
109	scorpion
110	scot
111	I
112	SCOUT
113	scout
114	scragged
115	r
116	scrat
117	A
118	screen
119	y
120	screw-fish
121	scribacious
122	scrimer
123	scripturalism
124	scrofula
125	ScrophularinesB
126	scruff
127	scrutine
128	scuff
129	sculpin
130	scumber
131	scurfy
132	noting
133	i
134	Scyllarus
135	scythe
136	sea
137	sea-bream
138	sea-dog
139	sea-gull
140	seal
141	sea-leopard
142	seam
143	sea-mussel
144	sear
145	search-light
146	season
147	sea-swine
148	sea-turtle
149	sebaceous
150	secern
151	second
152	Item
153	secret
154	secretary-bird
155	sect
156	sectionality
157	secularism
158	securely
159	sedateness
160	sediment
161	Sedum
162	see
163	seeding-machine
164	seeker
165	seeming
166	seethe
167	segregant
168	seine
169	Seisura
170	sekere
171	seldom
172	selector
173	m
174	self-command
175	self-denying
176	self-importance
177	self-perplexed
178	self-sterile
179	sell
180	semblable
181	semiaquatic
182	semidiaphaneity
183	semi-menstmal
184	semiology
185	Puddled
186	semi-uncial
187	sen
188	send
189	seneschal
190	sefior
191	sense
192	sense-rhythm
193	f
194	sensualist
195	sententiously
196	sentinel
197	separation
198	Sepidse
199	r
200	septile
201	sepulcher
202	sequent
203	It'f
204	Serapias
205	sereneness
206	sergeant
207	the
208	sennga
209	sermoning
210	serpentaria
211	serpentinize
212	Serrasalmoninae
213	serum
214	serve
215	i
216	
217	Sesamlun
218	Sesamum
219	sesquisulphid
220	Ml
221	set
222	set
223	set
224	set
225	SetUte
226	settee
227	I
228	settled
229	seven
230	seven-thirty
231	Tf
232	sew
233	sewing-machine
234	sexagene
235	sextant
238	sexnal
239	shack
240	Leaf
241	shadow
242	shad-spirit
243	shafting-box
244	shake
245	shaker
246	shall
247	shallow
248	shame
249	shammy
250	shank-spring
251	shapeless
252	sliare
253	shambod
254	sharp
255	shaup
256	shawl-waistcoat
257	shear
260	sheartail
261	sheave
262	shedding-motion
263	sheepish
264	sheep-tick
265	sheet
266	shekel
267	sliell
268	sheltron
269	sheltron
270	shepherd
271	they
272	sUeld
273	shield-urchin
274	shifting-boards
275	sMmmer
276	shine
277	shinny
278	sUp
279	ship-money
280	shire
281	shirt-front
282	shivery
283	shock
284	shoe
285	shofar
286	shoot
287	shooting
288	shopmate
289	shoreweed
290	short
291	shorthand
292	short-toed
293	shot-cartridge
294	shoulder
295	shouldering-file
296	shove
297	show
298	shower
299	shrapoel
300	shrewd
301	shright
302	shrine
303	shrive
304	shroud
305	shrug
306	shnffle
307	shunt
308	shut
309	shuttlecock
310	A
311	Siberian
312	siccative
313	sick-bay
314	sickless
315	side
316	side
317	side-cutting
318	sidereal
319	side-slip
320	siding-hook
321	siesta
322	Sigalphus
323	sight
324	Sigillaria
325	sign
326	signa
327	signal-service
328	signiflcancy
329	sike
330	silent
331	sillcify
332	silk
333	silkworm
334	BiUy
335	SitvaMus
336	silver-barred
337	silver-print
338	simblot
339	similitude
340	Simonianism
341	simple
342	simplician
343	simulant
344	sin
345	sincerity
346	sinew
347	Bing
348	single
349	single-lunged
352	singular
353	sinister
354	sink
355	sinologue
356	sinus
357	siphon
358	Siphonophora
359	sipylite
360	siren
361	sirocco
362	sist
363	sit
364	Sitaris
365	sitte
366	Sivaite
367	sixteenth
368	size
369	skate
370	skeer-devil
371	skeleton
372	Skene
373	sketch
374	skewer
375	skill
376	skimmer
377	skin
378	skinnei'
379	skipper
380	sklrret
381	skittle
382	skulk
383	skullcap
384	sky-gazer
385	slab-line
386	slaer
387	slander
388	slang-whanger
389	slash
390	slate
391	Slav
392	slavish
393	sled
394	sleeking
395	sleeper
396	sleeve
397	slender
398	slUUkr
399	slider
400	slight
401	sling
402	sUp
403	slip-board
404	slipslop
405	sliver
408	sloke
409	slopely
410	Blotter
411	slovenous
412	slnbber
413	sluggard
414	slmuber
415	and
418	slype
419	small
420	smaragd
421	smash
422	smede
423	smelt
424	Smilaz
425	smitch
426	smock
427	smoke-dry
428	smolder
429	smoother
430	smudge
431	smutch
432	snaggy
433	snake
434	Snakcstone
435	snap-back
436	snare
437	snatching-roUer
438	sneer
439	sniff
440	smpe
441	snobbism
442	Snotter
443	Snowbird
444	snowlike
445	snub
446	snuff
447	snuggle
448	Tbou
449	soap
450	A
451	sober
452	sociable
453	society
454	socket
455	soda-alum
456	sofa
457	softener
458	soil
459	sol
460	Solanum
461	Suii'Star
462	soldier
463	sole
464	solemn
465	Solenoglypha
466	solicit
467	solid
468	Solidago
469	solilocLnize
470	solitude
471	solsticioii
472	solutive
473	somatome
474	some
475	somewhither
476	somonaonce
477	song
478	sonometer
479	sooth
480	soothsayer
481	sophister
482	Sopbora
483	sorbition
484	sore
485	Soricidae
486	sorrow
487	sort
488	To
489	souder
490	Soulamea
491	sound
492	sotuid
493	sonp
494	sous
495	South
496	southwardly
497	sovereignty
498	Sow-lhistle
499	space
500	spade-gviinea
501	spale
502	spane
503	Spanish
504	spar
505	Sparganium
506	sparkle
507	sparrow-hawk
508	spasm
509	spatha
510	spatulamancy
511	spawning-screen
512	speaker
513	speanuint
514	specialize
515	species
516	specify
517	speckless
518	spectatorial
519	spectroscope
520	specular
521	speculum
522	Hart
523	speer
524	spell
525	The
526	Spergularia
527	spermatogenmia
528	sperm-momla
529	spermule
530	sphaeridium
531	Sphecius
532	froir
533	Sphenozamites
534	spherical
535	SpUndns
536	sphygmograph
537	spiced
538	spicy
539	spider-wasp
540	spikenard
541	spiller
542	spin
543	Spinax
544	spine
545	spinner
546	spinster
547	Spiral
548	Spire
549	spirit
550	spiritless
551	spirituous
552	spit
553	spitted
556	splash
557	spleenwort
558	splenological
559	split
562	spodomantic
563	spoke-shave
564	Spondylus
565	sponge-spicnle
566	spongy
567	spoon
568	Of
569	sporopbydium
570	sportive
571	spotted
572	spradde
573	sprayer
574	spreader
575	sprmg
576	spnng
577	springe
578	spring-stud
579	sprite
580	with
581	spnilzie
582	spur
583	spurn
584	spur-winged
585	squab
586	sqaalid
587	Squamipinnes
588	square
589	square
590	squash
591	squattocracy
592	squeeze
593	sqnid
594	squint
595	S'
596	stabilitate
597	Stachydeae
598	stadholder
599	staff
600	stage
601	stagger
602	Stahlianism
603	stake
604	stale
605	stalkoes
606	stallman
607	stamin
608	stamp
609	stamp-mill
610	stand
611	stand
612	stand
613	standard-bearer
614	stand-offishness
615	stannery
616	Staphylinus
617	star
618	star-capsicum
619	stare
620	stark
621	star-read
622	start
623	starve
624	state
625	stateswoman
626	stationer
627	statuminate
628	statuvolism
629	stay
630	stay-rod
631	steak
632	steam
633	steam-engine
634	steam-kettle
635	steatornitMne
636	steel
637	steenbok
638	steepness
639	Under
640	stele
641	practice
642	Stemodia
643	stenographically
644	step
645	Stephanie
646	stercoral
647	Btereographic
648	stereotypery
649	stem
650	Sterninae
651	sternoxine
652	stethoscopic
653	steward
654	stick
655	The
656	Nest
657	stiffen
658	Stigmaria
659	still
660	Btilpnomelane
661	stimnlus
662	stingy
663	stint
664	stipulax
665	Stirrfrus
666	stitch
667	stoccade
668	stock
669	stock-exchange
670	stog
671	StolephorxLS
672	stomach
673	stomatitis
674	stone
675	stonecat
676	stoneman
677	stook
678	stoop
679	stop
680	stop-collar
681	stop-ship
682	storehouse
683	stonn
684	Btomello
685	Btotind
686	stove
687	strabismus
688	straight
689	Btialn
690	strait
691	stramash
692	stranger
693	strap-work
694	Stratiotes
695	strawberry
696	stray
697	stream
698	street-car
699	strenolty
700	Streptostylica
701	stretcher
702	strict
703	Striges
704	strike
705	strike
706	striking-plate
707	stringer
708	stripe
709	strobiliferous
710	strokle
711	strong
712	Strongylocentrotus
713	strub
714	strumstrum
715	Strychnos
716	stub-mortise
717	studiedly
718	stnff
719	stuffing-wheel
720	stump
721	Btuntness
722	sturdy
723	stutter
724	style
725	stylistically
728	stylotypite
729	suasory
730	Btibandean
731	Subcoccinella
732	subdiatessaron
733	subesophageal
734	subimaginal
735	subject
736	vize
737	sublimate
738	siderable
739	submission
740	suboctave
741	subpallial
742	subrogate
743	subsequent
744	subsist
745	substance
746	substantive
747	substrate
748	Subtetramera
749	snbtle
750	subulate
751	subvesicnlar
752	succession
753	succorable
754	sncli
755	Bucker
756	sudamina
757	sue
758	sufferer
759	suffossion
760	snflc
761	sugariness
762	suggestion
763	suist
764	suitor
765	sulk
766	sulphate
767	sulphureously
768	sultry
769	Sumbul
770	summer-room
771	Sumner's
772	Sim
773	sunbow
774	sunderance
775	sun-god
776	stmsluiie-recorder
777	super-
778	superbitertial
779	superessential
780	superfluity
781	superintender
782	God
783	superplus
784	Bupersolid
785	supervene
786	suppeditate
787	supplementation
788	supply
789	supportation
790	supposititious
791	Same
792	supranatural
793	supremacy
794	surcharge
795	sure
796	surface
797	surface-plane
798	surge
799	surmark
802	surplice
803	surquidry
804	surround
805	survey
806	susceptibility
807	tl-
808	snspensor
809	snstain
810	Sutbora
811	suture
812	swag
813	swallow
814	swallow-shrike
815	swamp-mahogany
816	swanky
817	swarm
818	swash
819	sway
820	sweat
821	sweating
822	sweep
823	sweeps
824	sweet-bay
825	i
826	swell-fish
827	swevening
828	BwiU
829	swimming-bell
830	swing
831	swinge
832	swink
833	switch
834	swither
835	sword
836	sword-dollar
837	swum
838	sycophantic
839	syllable
840	syllogism
841	Sylvicolidae
842	symbolically
843	symmetry
844	sympathize
845	Symphoricarpos
846	Symplocos
847	synagogue
848	synapte
849	synchoresis
850	syncope
851	syndicate
852	Synetherinse
853	synod
854	synonymical
855	synsaxcosis
856	dp
857	syringeful
858	syrup
859	system
860	Systixchus
861	The
862	tabasheer
863	tabernacle
864	table
865	table
866	tabler
867	taboo
868	tac-au-tac
869	Tachyglossa
870	tack
871	tackle
872	tactility
873	Taeniocampa
874	tag
875	tagtail
876	tail
877	tail-feather
878	tail-valve
879	I
880	take
881	I
882	take
883	I
884	tale
885	talent
886	talisman
887	I
888	tallow-face
889	tally-shop
890	tamanu
891	J
892	tame
893	tampon
894	Tanagra
895	tangent
896	tangle
897	tank-car
898	tansy
899	tantnun
900	tap
901	tapestried
902	tapir
903	tap-pickle
904	Tarannon
905	Tardieu's
906	taxget
907	tarnish
908	tarryour
909	tarsus
910	tartanun
911	ii
912	taste
913	tasto
914	tatterdemalion
915	tau-bone
916	taut
917	taw
918	tax
919	tazin
920	T-bar
921	tea
922	teak
923	tear
924	teaser
925	
926	
927	
928	
929	D
930	
931	
932	
