15	Prickly
16	salt
17	salt-cellar
18	salt-marsh
19	salutatory
20	salvation
21	sam
22	same
23	Upper
24	SamydacesB
25	sanctimoniously
26	sanctuary
27	sandalwood
28	sanded
29	sanding-plate
30	sandpiper
31	sandstone
32	sangsne
33	sanguinous
34	sanjakate
35	From
36	Saperda
37	Sapitun
38	sapphire
39	if
40	sarcitis
41	sarcome
42	sarcotheca
43	aarl
44	sarsaparilla
45	saslne
46	satchel
47	satin-de-laine
48	satirist
49	satle
50	Saturn
51	i
52	saucy
53	Saarichthyidae
54	Sanmrs
55	savage
56	save
57	savior
58	savory
59	sawbelly
60	A
61	Floweriiv
62	say
63	Sayornis
64	scabious
65	scagliola
66	scald-head
67	scale
68	scale
69	scaling
70	scalp
71	scammoiua
72	scandalize
73	scant
74	scapelt
75	scaphopodoos
76	scapuloradlal
77	scarce
78	scarecrow
79	scarify
80	scart
81	Scatophagoidea
82	scavenge
83	Giddy
84	scent
85	schalstein
86	scheme
87	Schinus
88	schlstothorax
89	ScMzonemertina
90	schmelze
91	scholasticism
92	school
93	school-pence
94	Schwenkfeldian
95	science
96	Scilla
97	scioptic
98	scissors
99	sclere
100	sclerosed
101	scoffer
102	Scolopacidae
103	Scombridae
104	scone
105	Scopelidse
106	scorch
107	scorer
108	scorodite
109	scorpion
110	scot
111	Scotist
112	SCOUT
113	scout
114	scragged
115	scrape
116	Bcrat
117	scrawl
118	screen
119	screw
120	screw-flsh
121	scribacioos
122	scrimer
123	scripturalism
124	scrofula
125	Scrophularineae
126	scmff
127	scmtine
128	scuS
129	sculpin
130	BCtunber
131	I
132	iiiid
133	sctitiped
134	Scyllams
135	scythe
136	the
137	sea-bream
138	sea-dog
139	sea-gull
140	seal
141	sea-leopard
142	seam
143	sea-mussel
144	sear
145	search-light
146	season
147	sea-swine
148	sea-ttirtle-
149	sebaceous
150	secern
151	I
152	secondary
153	secret
154	the
155	sect
156	sectionality
157	secularism
158	securely
159	sedateness
160	sediment
161	Sedum
162	see
163	seeding-machine
164	seeker
165	seeming
166	seethe
167	segregant
168	seine
169	Seisura
170	I
171	seldom
172	selector
173	self
174	self-command
175	self-denying
176	self-importance
177	self-perplexed
178	self-sterile
179	seU
180	semblable
181	senuacLuatic
182	semidiaphaneity
183	semi-menstmal
184	semiology
185	Early
186	semi-imclal
187	sen
188	Bend
189	seneschal
190	sefior
191	I
192	sense-rhythm
193	I
194	sensualist
195	sententionsly
196	sentinel
197	I
198	of
199	Septembrist
200	septile
201	sepulcher
202	seauent
203	Sequoia
204	Serapias
205	sereneness
206	sergeant
207	Seriema
208	seringa
209	I
210	serpentaria
211	serpentinize
212	Serrate
213	serum
214	serve
215	t
216	serviceable
217	serving-man
218	an
219	sesquisulphid
220	sestina
221	set
222	set
223	u
224	set
225	Sethite
226	settee
227	settle
228	settled
229	seven
230	seven-thirty
231	severalty
232	In
233	sewing-machine
234	sexagene
235	sextant
236	seznal
237	shack
238	Leaf
239	shadow
240	shad-spirit
241	shafting-box
242	shake
243	shaker
244	shall
245	shallow
246	shame
247	shammy
248	shank-spring
249	shapeless
250	sHare
251	shaxnbod
252	sharp
253	shaup
254	shawl-waistcoat
255	shear
256	sheartail
257	sheave
258	shedding-motion
259	sheepish
260	sheep-tick
261	sheet
262	shekel
263	shell
264	Shelley's
265	sheltron
266	shepherd
267	sheriffalty
268	shield
269	sbleld-nrchln
270	shifting-boaxds
271	shimmer
272	shine
273	sliiimy
274	ship
275	ship-money
276	shire
277	shirt-front
278	shivery
279	I
280	shoe
281	shofar
282	shoot
283	shooting
284	ahopmate
285	shoreweed
286	short
287	shorthand
288	short-toed
289	shot-cartridge
290	shoulder
291	shouldering-file
292	shove
293	show
294	shower
295	shrapnel
296	shrewd
297	shright
298	shrine
299	I
300	shroud
301	shmg
302	shuffle
303	ahnnt
304	abut
305	shuttlecock
306	to
307	Siberian
308	siccatiTe
309	sick-bay
310	sickless
311	side
312	side
313	side-cutting
314	sidereal
315	side-slip
316	siding-hook
317	siesta
318	Sigalphus
319	Bight
320	Sigillaria
321	sign
322	signa
323	signal-service
324	significancy
325	site
326	significancy
327	Biiicify
328	Bilk
329	silkworm
330	aiUy
331	Sitvanus
332	silver-barred
333	silver-print
334	simblot
335	similitnde
336	Simonianism
337	simple
338	simplician
339	stmnlant
340	sin
341	sincerity
342	sinew
343	sing
344	single
345	single-lnnged
346	singular
347	sinister
348	sink
349	sinologue
350	sums
351	siphon
352	Siphonophora
353	sipylite
354	siren
355	sirocco
356	sfst
357	sit
358	Sitaris
359	sitte
360	Sivaite
361	sixteenth
362	size
363	skate
364	skeer-devil
365	skeleton
366	Skene
367	sketch
368	skewer
369	skill
370	skimmer
371	skin
372	skinnei'
373	skipper
374	sklrret
375	skittle
376	skulk
377	skullcap
378	sky-gazer
379	slab-line
380	slaer
381	slander
382	slang-whanger
383	slasb
384	slate
385	Slav
386	slavish
387	sled
388	sleeking
389	sleeper
390	sleeve
391	slender
392	slidable
393	slider
394	slight
395	sling
396	aUp
397	slip-board
398	slipslop
399	I
400	sloke
401	slopely
402	Blotter
403	slovenous
404	slubber
405	sluggard
406	slumber
407	slur
408	slype
409	small
410	smaragd
411	smash
412	smede
413	smelt
414	Smilax
415	amitcli
416	smock
417	contracted
418	smolder
419	smoother
420	smudge
421	smutch
422	snaggy
423	snake
424	snako's-head
425	snap-back
426	snare
427	snatcMng-roUer
428	sneer
429	sniff
430	snipe
431	snobbism
432	Snotter
433	snowbird
434	snowlike
435	snub
436	snuff
437	snuggle
438	so
439	soap
440	soaproot
441	sober
442	sociable
443	society
444	socket
445	soda-alum
446	BOfit
447	softener
448	soil
449	Ml
450	Solanmn
451	Sun-Star
452	soldier
453	sole
454	solemn
455	Solenoglypha
456	solicit
457	BoUd
458	Solidago
459	soliloaaize
460	solitude
461	solsticion
462	solutive
463	somatome
464	some
465	somewhither
466	somonannce
467	Bong
468	sonometer
469	sooth
470	soothsayer
471	sophister
472	Sophora
473	sorbitdon
474	sore
475	Soricidse
476	sorrow
477	sort
478	To
479	sonder
480	Soulamea
481	sound
482	sound
483	soap
484	sous
485	South
486	southwardly
487	sovereignty
488	Sow-thistle
489	space
490	spade-gninea
491	spale
492	Spanish
493	Spanish
494	spar
495	Sparganium
496	sparkle
497	sparrow-hawk
498	spasm
499	spatha
500	spatnlamancy
501	spawning-screen
502	speaker
503	spearmint
504	specialize
505	species
506	specify
507	speckless
508	spectatorial
509	spectroscope
510	specular
511	speculum
512	ilart
513	speer
514	spell
515	spency
516	Spergularia
517	spermatogemma
518	sperm-morala
519	spermnle
520	sphxridinin
521	Sphecins
522	Human
523	Sphenozamites
524	spherical
525	Sphindus
526	spliygmograph
527	spiced
528	spicy
529	spider-wasp
530	Spikenard
531	LilUe
532	spin
533	Spinaz
534	spine
535	spinner
536	spinster
537	Flat
538	Spire
539	spirit
540	spiritless
541	spintuoos
542	spit
543	spitted
544	splash
545	spleenwort
546	splenological
547	split
548	spodomantic
549	spoke-
550	SpondyliLS
551	sponge-spicule
552	spongy
553	The
554	Of
555	sporophydium
556	sportive
557	spotted
558	spradde
559	sprayer
560	spreader
561	spring
562	spring
563	springe
564	Degteria
565	sprite
566	with
567	spoilzie
568	spur
569	spurn
570	spur-winged
571	aqnab
572	SQualid
573	Sqaamipinnes
574	BQTiare
575	square
576	sduasli
577	squattocracy
578	squeeze
579	BQUid
580	saoint
581	SquuTCl
582	stabilitate
583	Stacliydese
584	stadholder
585	staff
586	stage
587	stagger
588	Stahlianism
589	stake
590	stale
591	stalkoes
592	stallman
593	stamin
594	stamp
595	I
596	stand
597	stand
598	stand
599	standard-bearer
600	stand-offishness
601	Btannery
602	Staphyllnns
603	star
604	star-capsicum
605	stare
606	stark
607	star-read
608	start
609	starve
610	state
611	i
612	stationer
613	statuminate
614	Btatuvolism
615	stey
616	stay-rod
617	steak
618	steam
619	steam-engine
620	steam-kettle
621	steatornithine
622	steel
623	steenbok
624	steepness
625	steersman
626	stele
627	stelochite
628	Stemodia
629	stenographically
630	step
631	Stephanie
632	stercoral
633	stereograpUc
634	storeotypery
635	stem
636	Sterninse
637	stemozme
638	stethoscopic
639	steward
640	stick
641	stick
642	Nest
643	stiffen
644	Stigmaria
645	still
646	stilpnomelane
647	stimulus
648	stingy
649	stint
650	stipnlar
651	Stiretrus
652	stitch
653	stoccade
654	stock
655	stock-exchange
656	stog
657	Stolephoms
658	stomach
659	stomatitis
660	stone
661	stonecat
662	stoneman
663	stook
664	stoop
665	stop
666	stop-collar
667	stop-sMp
668	storehouse
669	storm
670	stomello
671	I
672	stove
673	strabismus
674	straight
675	strain
676	strait
677	stramash
678	stranger
679	strap-work
680	Stratiotes
681	strawberry
682	stray
683	stream
684	street-car
685	strenuity
686	Stxeptostylica
687	stretcher
688	strict
689	Striges
690	strike
691	strike
692	strikliig-plate
693	stringer
694	starlpe
695	strobiliferous
696	strokle
697	strong
698	Strongylocentirotus
699	stmb
700	stnunstrum
701	Strychnos
702	stub-mortise
703	studiedly
704	stuff
705	stnffing-wheel
706	stmnp
707	stnntness
708	sturdy
709	stutter
710	style
711	stylistically
712	stylotyplte
713	sTiasory
714	snbandean
715	Subcoccinella
716	subdlatessaron
717	subesophageal
718	subimaginal
719	subject
720	vize
721	sublimate
722	snDlingna
723	submission
724	snboctave
725	subpallial
726	subrogate
727	subsequent
728	subsist
729	substance
730	snbstantiye
731	substrate
732	Snbtetramera
733	snbtle
734	subulate
735	subvesicolar
736	succession
737	succorable
738	such
739	sucker
740	sndamina
741	me
742	sufferer
743	soffossion
744	suflc
745	sngariness
746	snggestion
747	BUiSt
748	suitor
749	nlk
750	sulpliate
751	Bulphureously
752	sultry
753	Snmatra
754	snminer-room
755	Sumner's
756	snn
757	stinbow
758	Face
759	sun-god
760	sunshine-recorder
761	super-
762	snperbitertial
763	superessential
764	superfltdty
765	superintender
766	supernal
767	supersalientt
768	snpersolid
769	supervene
770	suppeditate
771	Bupplementation
772	snpply
773	supportation
774	supposititious
775	Same
776	snpranattiral
777	supremacy
778	surcharge
779	snre
780	surface
781	surface-plane
782	surge
783	surmark
784	Anglican
785	surquidry
786	stuTound
787	survey
788	susceptibility
789	snspectless
790	snspensor
791	snstain
792	Sathora
793	sntnre
794	swag
795	swallow
796	swallow-shrike
797	swamp-mahogany
798	swanky
799	swarm
800	swash
801	sway
802	sweat
803	sweating
804	sweep
805	sweeps
806	Fragrant
807	sweet-oil
808	swell-fish
809	swevening
810	swiU
811	to
812	swing
813	swinge
814	swink
815	switch
816	Bwlther
817	sword
818	sword-dollar
819	swmn
820	sycophantic
821	syllable
822	syllogism
823	I
824	symbolically
825	symmetry
826	sympathize
827	Symphoricarpoa
828	Sjrmplocos
829	synagogue
830	synapte
831	I
832	syncope
833	I
834	Synetherlnse
835	r
836	synonymical
837	synsarcosis
838	syntomia
839	i
840	or
841	I
842	Systceckus
843	jS
844	tabasheer
845	tabernacle
846	table
847	t
848	tabler
849	taboo
850	tac-an-tac
851	Tachyglossa
852	tack
853	tackle
854	tactmty
855	Taeniocampa
856	tag
857	tagtail
858	taU
859	tail-feather
860	tail-valve
861	I
862	take
863	take
864	take
865	taket
866	tale
867	talent
868	talisman
869	talkee-talkee
870	tallow-face
871	tally-shop
872	tamana
873	tambour
874	tame
875	tampon
876	Tanagra
877	tangent
878	tangle
879	tank-car
880	tansy
881	tantrum
882	tap
883	tapestried
884	tapir
885	tap-pickle
886	Tarannon
887	Tardieu's
888	Targets
889	p
890	tarryour
891	tarsus
892	tartarum
893	tass
894	taste
895	tasto
896	tatterdemalion
897	tau-bone
898	taut
899	I
900	tax
901	tazin
902	T-bar
903	tea
904	teak
905	tear
906	teaser
907	f
908	
909	
910	
911	
912	
913	BINOINU
914	
