13	pharmacological
14	pharyngo-esophagus
15	phase
16	pheasant
17	phenicin
18	phenylia
19	philantliropistic
20	philippize
21	philology
22	philosophical
23	Philydraceae
24	phlegmonoas
25	Fhocsena
26	Pholadidae
27	phonlkon
28	i
29	phosphorescent
30	photochromy
31	photography
32	photophone
33	Phragmophora
34	phrenic
35	Phrynorhombus
36	phygogalactic
37	Phyllium
38	Phyllorhininse
39	phylloxera-mite
40	Physeteridae
41	pliysicist
42	physiography
43	physopod
44	phytoglyphy
45	Phytotomidae
46	pianoforte
47	picaresque
48	Plclda
49	pick
50	pickerel
51	pickle-worm
52	Plcris
53	picturesque
54	piece
55	piecemeal
56	pier
57	piety
58	pigeonhole
59	pigment-granule
60	pike
61	Grand
62	pile
63	Pileopsis
64	pilgrim
65	pillar
66	pillion
67	Pilobolus
68	pllus
69	Pimpla
70	Piii-borcr
71	b
72	pine
73	pine
74	pine-stove
75	Pinicola
76	pink
77	pinnace
78	pinni
79	Pinus
80	Plpa
81	pipe
82	Piperaceae
83	piping
84	Pipunculidae
85	pirate
86	piscatrix
87	pismire
88	pistillidium
89	piston-sleeve
90	pitapat
91	pitch
92	pltcliing-tool
93	pithecoitt
94	handles
95	pit-wood
96	pixy-wheel
97	place
98	placentalian
99	Placoidea
100	Plagiostoma
101	plaiding
102	plainly
103	plan
104	plane
105	plane-table
106	planimeter
107	Planorbis
108	Flantaginese
109	planter
110	plash
111	plaster
112	plastron
113	Platanistidae
114	plate
115	plater
116	platin
117	Platonist
118	Platycrinus
119	platyphylline
120	plaudit
121	play
122	play
123	plea
124	pleasance
125	pleasing
126	plebiscitary
127	plectrum
128	pleiophylly
129	plentiful
130	plerome
131	Pleuracanthidse
132	Pleurodeles
133	Pleuroptera
134	plexus
135	pliant
136	plight
137	Plonibee
138	ploonce
139	plow
140	plow-witcher
141	plug
142	plum
143	plumbing
144	plum-gouger
145	Plutnularia
146	plTinger
147	pluriseriate
148	plutocrat
149	ply
150	pneumatic
151	pneumology
152	poaci
153	pocket-drop
154	Podalyrieae
155	pod-lover
156	Podostemon
157	poet
158	Pogostemon
159	point
160	point
161	point
162	pointed
163	poise
164	poison-sumac
165	poker-picture
166	polariscopy
167	pole
168	polenta
169	policial
170	polish
171	polite
172	ins
173	poll
174	poUex
175	Polonese
176	polyarchy
177	polychromatic
178	Polyergus
179	polygeny-
180	polygyn
181	polymerization
182	polynia
183	polypharmacy
184	Polyplacophora
185	polypragmatic
186	Polystoma
187	polytocous
188	Pomacentridse
189	pomegranate
190	pommetty
191	pomposo
192	ponderous
193	Pontederia
194	Pontoons
195	pool
196	poorbead
197	popedom
198	poplar-lutestring
199	populace
200	Populus
201	porcelain
202	porcupine
203	pork
204	I'ori'hyrilic
205	porridge
206	lit
207	port-crayon
208	porterage
209	portmanteau
210	portugue
211	Poseideon
212	positive
213	possess
214	posset
215	post
216	postazial
217	posterior
218	postgraduate
219	postle
220	post-oak
221	postpredicament
222	postulate
223	pot
224	potamology
225	potato
226	potence-file
227	potentiality
228	potgTin
229	potometer
230	pottery
231	pottle-bottle
232	pouffe
233	pounce
234	pound
235	poimdrel
236	poussette
237	poverty-weed
238	powder-gim
239	power
240	powste
241	practical
242	practice
243	praemunire
244	pragmatize
245	praise
246	make
247	prawn
248	prayer
249	preach
250	preamble
251	precariously
252	precedented
253	precinct
254	precipitate
255	precise
256	precocious
257	precordial
258	predesign
259	predicable
260	predictively
261	preeminence
262	preface
263	preference
264	prefrontal
265	prehension
266	prejudice
267	prelector
268	premeditate
269	premium
270	prenatally
271	preoral
272	prepare
273	preponderate
274	prepotent
275	prerogative
276	presbyterated
277	prescind
278	presence
279	present
280	presentation
281	preservation
282	president
283	press
284	press
285	press-mark
286	prest
287	presume
288	pretend
289	pretension
290	pretematurality
291	pretty
292	prevalence
293	preventative
294	prey
295	pricement
296	prickant
297	Prick-bpiirsijf
298	priest
299	prigman
300	pnmary
301	prime
302	primeval
303	primitively
304	primrose
305	prince
306	principal
307	principle
308	print
309	printing
310	printing-wheel
311	prioress
312	prismatic
313	Pritcliardia
314	private
315	privilege
316	prize
317	proatlas
318	probably
319	problem
320	procacious
321	proceleusmatic
322	process
323	procession
324	prochronism
325	proconsul
326	proctor
327	procure
328	prodigalize
329	produce
330	proem
331	profess
332	professor
333	profiling-machine
334	profound
335	Some
336	program
337	progressist
338	project
339	projection
340	projector
341	proletariate
342	prolocutrix
343	Promeropinse
344	promise
345	promorphologically
346	promptness
347	prongbuck
348	pronunciation
349	proof
350	proof-staff
351	propagate
352	propeller-well
353	properistoma
354	prophesied
355	prophyllum
356	propitiousness
357	proportionable
358	proposition
359	proprsescutal
360	propugner
361	prorogue
362	prose
363	proselytist
364	prosit
365	prosopopeia
366	prosper
367	prostitute
368	Protamceba
369	protection
370	See
371	protest
372	Proteus
373	Protista
374	protogastrlc
375	I
376	protoslphon
377	Protozoa
378	prott-goose
379	provand
380	proventriculus
381	providence
382	proving
383	provocative
384	Ihc
385	prudence
386	pninelet
387	pruritus
388	psalmist
389	Psammophis
390	pseudepigrapha
391	Pseudochromidoidei
392	pseudogyrate
393	Pseudoniscus
394	pseudoprostyle
395	pseudotrimerous
396	Psilopxdes
397	psoric
398	psychol
399	psychoscope
400	ptarmigan
401	Pterocynes
402	I'liriiil
403	pterygoda
404	Ptilocercufl
405	Ptyas
406	public
407	public-spiritedness
408	urimiKl
409	puddle
410	meiliately
411	puffin
412	pog-mlll
413	Pulex
414	pullaile
415	pulley-sheave
416	Pulmonata
417	pulpit
418	pulse
419	pulverization
420	Ill
421	pump-kettle
422	punch
423	punctation
424	punctnm
425	punisher
426	pimto
427	pupilarity
428	puppy-snatch
429	purchaser
430	pnrfie
431	purge
432	purity
433	purlong
434	purpose
435	purpura
436	purse-leech
437	Paris
438	purveyance
439	pusher
440	witll
441	put
442	pnt
443	putidness
444	putter
445	puzzle
446	the
447	pygmy
448	pyloridean
449	pyramid
450	Pyrenaemata
451	pyritohedral
452	pyrolatry
453	pyrophosphoric
454	pyrrliichius
455	fythagoric
456	r
457	Tlie
458	quack
459	quadrans
460	quadratic
461	Quadricinium
462	quadrille
463	Quadrisulcata
464	quadruply
465	quail
466	quaker
467	qualify
468	quality
469	CLuantity
470	qoar
471	quarrel
472	quarry-hawk
473	quarter
474	quartered
475	quarter-pieces
476	quartz
477	Quassia
478	quatrefoll
479	queasiness
480	queenfish
481	quell
482	quercitannic
483	querulous
484	qnestion
485	questus
486	quick-answerefl
487	Quicunque
488	quiet
489	quill
490	quilting
491	cLuindecima
492	QnlnQuesyllable
493	quintile
494	quirister
495	quit
496	quitter
497	quoddle
498	quotability
499	Tlieeigliteenthletterand
500	rabbet-plane
501	rabble
502	raccourcy
503	racemation
504	Raciborskla
505	rack
506	racket
507	racy
508	radiance
509	radiation
510	See
511	Crookes's
512	radix
513	raft
514	ng
515	ragged
516	raguly
517	rail
518	railroader
519	ram
520	rainy
521	raise
522	rake
523	rakehelly
524	veil
525	ramble
526	Ull'
527	rampacious
528	ram
529	Needle-bug
530	randan
531	range
532	tii-ulur
533	rank
534	rantcness
535	rant
536	rap
537	rape
538	liipill
539	rapprochement
540	rare
541	rascal
542	rash
543	Raspberry-borer
544	rat
545	rate
546	rath
547	ratio
548	rational
549	ratline
550	rattle
551	rattlesnake-grass
552	rave
553	As
554	raw
555	ray
556	razorbill
557	reach
558	read
559	readable
560	readjust
561	reagency
562	real
563	realize
564	reanimate
565	rear
566	rearwardly
567	reason
568	But
569	rebate
570	reboll
571	Rebus
572	II
573	receive
574	recent
575	receptrix
576	recldivation
577	reciprocate
578	reciter
579	reckoning
580	recline
581	recognize
582	recomfort
583	recompletion
584	T
585	record
586	recoontal
587	recoverable
588	lai
589	rectification
590	rector
591	recuperative
592	recusancy
593	red
594	rod-beaked
595	reddleman
596	redemption
597	redhibitory
598	red-morocco
599	redpoll
600	redstart
601	con
602	redundant
603	reechily
604	reediness
605	reef
606	lll'
607	reem
608	reosperlence
609	referee
610	or
611	reflection
612	reflex
613	reforest
614	reformation
615	refraction
616	renrenation
617	refrigerative
618	refusal
619	regal
620	regard
621	regency
622	regentehip
623	region
624	register
625	eonfuaion
626	regret
627	regulatable
628	regurgitation
629	reighte
630	relncrease
631	reinstatement
632	rejectment
633	reking
634	relation
635	relative
636	An
637	relentment
638	reUef
639	relieve
640	religiouism
641	relish
642	rely
643	remanence
644	remediless
645	remembrance
646	remlnlscentlally
647	remit
648	remonstratory
649	remount
650	remnUttion
651	renascence
652	raadmiax
653	renewable
654	the
655	rent
656	reobtainable
657	reparative
658	repeal
659	repent
660	repetition
661	repletion
662	report
663	repose
664	reprehensiblenaia
665	representation
666	repressive
667	reproach
668	reprodnction
669	reptant
670	republican
671	repugnant
672	repute
673	requirer
674	Iw
675	rescue
676	resemble
677	reserve
678	rr-
679	residual
680	resilient
681	B
682	resolntion
683	resolvedness
684	resort
685	respect
686	respenet
687	respirometer
688	response
689	rest
690	restaorant
691	Socrates
692	restoratlvely
693	restrict
694	result-fee
695	resurrectionlze
696	retain
697	retardative
698	RetiarljB
699	Retifera
700	retire
701	Retort
702	retractation
703	retreat
704	retrieve
705	retrograde
706	retrospectlTe
707	return
708	point
709	revel
710	revenue
711	reverberate
712	reyerend
713	reverse
714	reTersion
715	revestry
716	revllement
717	revival
718	relocation
719	revolution
720	revolver
721	rewood
722	rhabdoid
723	Bhagodia
724	rbamphothecal
725	rhematic
726	rhetoric
727	rhenmic
728	rhinocephalos
729	Bhinodermatidae
730	llu-
731	Rhizoflagellata
732	rhizoristic
733	Rhododendron
734	
735	Ehopalodinidae
736	Rhynchaa
737	Ehynchops
738	rhythm
739	Rhyzaena
740	ribald
741	ribbon
742	ribibla
743	rice-mill
744	rich
745	Hicinus
746	riddance
747	ride
748	rider
749	ridicule
750	rlfacimento
751	rifle
752	rifle
753	rig
754	right
755	right
756	r
757	rigid
758	rig-out
759	rime
760	rin
761	nng
762	I
763	mil
764	ring-parrot
765	rinsing
766	np
767	ripen
768	ript
769	rise
770	rising-lark
771	rither
772	nvaye
773	river-crab
774	riveting-bur
775	roach
776	roadstead
777	roaring
778	rob
779	robin
780	Eob
781	rock
782	rock-bound
783	rocket
784	rock
785	rockwork
786	raU
787	rody
788	lu
789	rokke
790	roil
791	roller-flag
792	BoUalos
793	Roman
794	Romance
795	romantic
796	ronde
797	roodebok
798	roof-Kiurd
799	room
800	roost
801	root
802	root-louse
803	rope-dancing
804	RorldnU
805	rosary
806	rose-
807	Also
808	roeen
809	rose-window
810	It
811	rostrulate
812	roU
813	The
814	rote
815	rot-steep
816	Ronen
817	rough
818	roiijjli
819	round
820	ronnd
821	round-backed
822	roundly
823	rouse
824	To
825	Rove-beetles
826	Utl-
827	Rozburgliiaces
828	royalty
829	rubadub
830	rubble
831	rubific
832	Eu
833	nick
834	rnddle
835	rudeness
836	To
837	ruflf
838	ruffle
839	rugged
840	mia
841	rule
842	ruler
843	mmbooze
844	rominative
845	rumple
846	ran
847	run
848	
849	Kuncinate
850	ninn
851	running
852	Rapicolina
853	Ruscus
854	rnihiT
855	russeting
856	rnst
857	rusticola
858	rusure
859	ruthless
860	rys-fraM
861	J
862	Sabbatariaaism
863	Vrollcl-
864	Sabine
865	sacatra
866	ncchanun
867	saccus
868	SMk
869	sacra
870	OSli
871	sacrilege
872	sacnun
873	saddle
874	IlarinK
875	M
876	Uc
877	safety-stop
878	IK
879	sage-brush
880	sadtui
881	saguin
882	Ban
883	sain
884	saint
885	sake
886	salamAnder
887	sale
888	nalicylic
889	sallvant
890	-0
891	salmon
892	Salopian
893	
894	
895	
896	
897	
898	
899	
900	
