12	phaimacological
13	pharyngo-esophagus
14	phase
15	pheasant
16	phenicin
17	phenylia
18	Philanthus
19	phiUppize
20	philology
21	philosophical
22	Fhilydraceae
23	phlegmonous
24	Phocsna
25	Pholadontya
26	Tfbanikaa
27	phonotypically
28	phosphorescent
29	photochromy
30	pbotograpliy
31	photophone
32	Phragmophora
33	phrenic
34	Fhrynorliombus
35	phygogalactic
36	PhylUnm
37	Fhyllorhininse
38	phylloxera-mite
39	Physeteridse
40	pliysicist
41	physiograpliy
42	physopod
43	phytoglyphy
44	Phytotomids
45	pianoforte
46	picaresque
47	Picidse
48	Ward-lock
49	pickerel
50	pickle-worm
51	Picris
52	picturesque
53	piece
54	piecemeal
55	pier
56	piety
57	pigeonhole
58	plgment-gTaniile
59	-ordinary
60	Grand
61	pile
62	Flleopsis
63	pilgrim
64	pillar
65	pillion
66	Filobolus
67	pilus
68	Pimpla
69	Pin-borer
70	b't
71	pine
72	pme
73	pine-stove
74	lit
75	pink
76	pinnace
77	pinnitaxsal
78	PinnB
79	Fipa
80	pipe
81	Piperaceae
82	piping
83	Pipunculidae
84	pirate
85	piscatrix
86	Fisolidc
87	pistillidium
88	piston-sleeve
89	pitapat
90	pitcn
91	pitcbing-tool
92	pithecoid
93	pit-saw
94	pit-wood
95	pixy-wheel
96	place
97	placentalian
98	Placoidea
99	Flagiostoma
100	plaiding
101	plainly
102	plan
103	plane
104	plane-table
105	planimeter
106	Planorbis
107	Flantagines
108	planter
109	plash
110	plaster
111	Plastron
112	Platanistidae
113	plate
114	plater
115	platin
116	Flatonist
117	Flatycrinus
118	platyphylline
119	plaudit
120	play
121	play
122	plea
123	pleasance
124	pleasing
125	plebiscitary
126	pleclnim
127	pleiophylly
128	plentiful
129	plerome
130	Pleuracanttaidse
131	Pleurodeles
132	Plenroptera
133	plexus
134	pliant
135	plight
136	middle
137	plounce
138	plow
139	plow-yritcher
140	plug
141	plum
142	plumbing
143	plum-gouger
144	Plumstead
145	plunger
146	pluriseriate
147	plutocrat
148	ply
149	pneninatic
150	pneomology
151	poacb
152	pocket-drop
153	More-pork
154	pod-lover
155	Fodostemon
156	poet
157	Pogonorkynchus
158	point
159	point
160	point
161	pointed
162	poise
163	poison-sumac
164	poker-picture
165	polariscopy
166	pole
167	polenta
168	policial
169	polish
170	polite
171	politician
172	poll
173	poUez
174	Folonese
175	polyarchy
176	polychromatic
177	Polyergus
178	polygeny
179	polygyn
180	polymerization
181	open
182	polypharmacy
183	Folyplacophora
184	polypragmatic
185	Folystoma
186	polytocous
187	Fomacentridse
188	pomegranate
189	pommetty
190	pomposo
191	ponderous
192	Fontederia
193	Pontoons
194	pool
195	poorhead
196	popedom
197	poplar-lutestring
198	populace
199	Populus
200	porcelain
201	porcupine
202	pork
203	porphyritic
204	and
205	porta
206	port-crayon
207	porterage
208	portmanteau
209	portugue
210	Foseideon
211	positive
212	they
213	posset
214	post
215	postaxial
216	posterior
217	postgraduate
218	postle
219	post-oak
220	postpredicament
221	postulate
222	pot
223	potamology
224	potato
225	potence-flle
226	potentiality
227	potgim
228	potometer
229	pottery
230	pottle-bottle
231	pouffe
232	pounce
233	pound
234	potmdrel
235	poassette
236	poverty-weed
237	powder-gun
238	power
239	powste
240	practical
241	practise
242	prsmunlre
243	pragmatize
244	praise
245	prank
246	prawn
247	prayer
248	preach
249	preamble
250	precariously
251	precedented
252	precinct
253	precipitate
254	precise
255	precocious
256	precordial
257	predesign
258	predicable
259	predictively
260	preeminence
261	preface
262	preference
263	prefirontal
264	prehension
265	prejudice
266	prelector
267	premeditate
268	premium
269	prenatally
270	preoral
271	prepare
272	preponderate
273	prepotent
274	prerogative
275	presbyterated
276	prescind
277	presence
278	present
279	presentation
280	preservation
281	president
282	press
283	press
284	press-mark
285	prest
286	presume
287	pretend
288	pretension
289	preternaturality
290	pretty
291	prevalence
292	preventative
293	prey
294	prlcement
295	prickant
296	prick-shaft
297	priest
298	prigman
299	primary
300	prime
301	primeval
302	primitively
303	pninrose
304	prince
305	principal
306	principle
307	print
308	than
309	printing-wheel
310	prioress
311	Prismatic
312	Pritchardia
313	private
314	privilege
315	prize
316	proatlas
317	probably
318	problem
319	procacious
320	proceleusmatic
321	process
322	procession
323	prochronism
324	proconsul
325	proctor
326	procure
327	prodigalize
328	produce
329	proem
330	profess
331	professor
332	profiling-macliine
333	profound
334	progenitorial
335	program
336	progressist
337	project
338	projection
339	projector
340	proletariate
341	prolocutrix
342	Promeropinae
343	promise
344	promorphologlcally
345	promptness
346	prongbuck
347	pronunciation
348	proof
349	proof-staff
350	propagate
351	propeller-well
352	properistoma
353	prophesy
354	prophyllum
355	propitiousness
356	proportionable
357	proposition
358	proprsescutal
359	propugner
360	prorogue
361	prose
362	proselytist
363	prosit
364	prosopopeia
365	prosper
366	prostitute
367	Protamoeba
368	protection
369	Proteina
370	protest
371	Proteus
372	Protista
373	protogastrlc
374	Frotonopsids
375	protosiphon
376	Protozoa
377	prott-goose
378	provajid
379	proventriculus
380	providence
381	proTing
382	provocative
383	prowlery
384	prudence
385	prunelet
386	pmritns
387	psalmist
388	Psammophis
389	pseudepigrapha
390	Fseudochromidoidei
391	pseudogyrate
392	Pseudoniscns
393	pseudoprostyle
394	pseudotrimerous
395	Fsilopsdes
396	psoric
397	An
398	psychoscope
399	ptarmigan
400	Pterocynes
401	Pteropoda
402	pterygoda
403	Ptilocercus
404	Ptyas
405	public
406	publlc-spiritedness
407	packer
408	puddle
409	puerperal
410	puffin
411	pug-mill
412	Pulex
413	pullaile
414	pulley-sheave
415	Fnlmonata
416	pulpit
417	pulse
418	pulverization
419	pump
420	pump-kettle
421	puncb
422	punctation
423	punctum
424	ptmlsber
425	punto
426	pupilarity
427	puppy-snatch
428	purchaBer
429	piirfle
430	purge
431	purity
432	purlong
433	purpose
434	purpura
435	purse-leecli
436	pursue
437	purveyance
438	nee
439	put
440	pat
441	put
442	putidness
443	patter
444	puzzle
445	pycnogonoid
446	pygmy
447	pyloridean
448	pyramid
449	Pyrensemata
450	See
451	pyrolatry
452	pyrophosphoric
453	PSrrrliichius
454	Fythagorlc
455	pyx
456	The
457	quack
458	quadrass
459	quadratic
460	quadricinium
461	quadrille
462	Quadrisulcata
463	quadruply
464	quail
465	quaker
466	ciualify
467	quality
468	quantity
469	quax
470	Quarrels
471	quarry-Iiawk
472	quarter
473	quartered
474	quarter-pieces
475	quartz
476	Quassia
477	CLuatrefoil
478	queaslness
479	qLueenflsb
480	quell
481	oLuercltannic
482	querulous
483	question
484	questus
485	quick-answered
486	QuicunoLue
487	ciulet
488	QUUl
489	CLTdlting
490	auindecima
491	qninanesyllable
492	quintile
493	quirister
494	quit
495	quitter
496	auoddle
497	quotability
498	The
499	rabbet-plane
500	rabble
501	racconrcy
502	racemation
503	Baciborskia
504	rack
505	racket
506	racy
507	radiance
508	radiation
509	radicaxian
510	Crookesfs
511	median
512	raft
513	rag
514	ragged
515	A
516	Biraihtei
517	railroader
518	rain
519	ramy
520	raise
521	rake
522	rakehelly
523	rally
524	ramble
525	Bamilie
526	rampacions
527	rampler
528	Banatra
529	randan
530	range
531	rangersMp
532	rank
533	rankness
534	rant
535	rap
536	rape
537	raphigraph
538	rapprochement
539	rare
540	rascal
541	rasb
542	Raspberry-borer
543	rat
544	rate
545	ratb
546	ratio
547	rational
548	ratline
549	rattle
550	rattlesnake-grass
551	rave
552	Ravenala
553	raw
554	ray
555	razorbill
556	reach
557	read
558	readable
559	readjust
560	reagency
561	real
562	realize
563	reanimate
564	rear
565	rearwardly
566	reason
567	reassure
568	rebate
569	reboil
570	Rebus
571	recapitulation
572	receive
573	recent
574	receptrix
575	recidivation
576	reciprocate
577	reciter
578	reckoning
579	recline
580	recognize
581	recomfort
582	recompletion
583	A
584	record
585	recountal
586	recoverable
587	recrimination
588	rectification
589	rector
590	recuperative
591	recusancy
592	red
593	red-backed
594	reddleman
595	redemption
596	redhibitory
597	red-morocco
598	redpoll
599	redstart
600	connectinET
601	redundant
602	Smokily
603	reediness
604	reef
605	reel
606	reexMbit
607	legzperience
608	referee
609	refinement
610	reflection
611	reflex
612	reforest
613	reformation
614	refraction
615	Tefirenationt
616	reftigerative
617	refusal
618	regal
619	regard
620	regency
621	regentship
622	region
623	register
624	regnal
625	regret
626	regulatable
627	regurgitation
628	reighte
629	remcrease
630	reinstatement
631	rejectment
632	reking
633	relation
634	relative
635	relay
636	relentment
637	relief
638	relieve
639	religionism
640	relish
641	rely
642	remanence
643	remediless
644	remem'brance
645	remlnlscentially
646	remit
647	remonstratory
648	remount
649	remutation
650	renascence
651	rendering
652	renew
653	renounce
654	rent
655	reobtainable
656	reparative
657	repeal
658	repent
659	repetition
660	repletion
661	report
662	repose
663	reprehensibleness
664	representation
665	repressive
666	reproach
667	reproduction
668	reptant
669	republican
670	repugnant
671	repute
672	reqmrer
673	Teredos
674	rescue
675	resemble
676	reserve
677	resiance
678	residual
679	resilient
680	B
681	resolution
682	resolvedness
683	resort
684	respect
685	respell
686	respirometer
687	response
688	rest
689	restaurant
690	restitution
691	St
692	restrict
693	result-fee
694	resxiTrectionize
695	retain
696	retardative
697	Betiarise
698	Betifera
699	retire
700	retort
701	retractation
702	retreat
703	retrieve
704	retrograde
705	retrospective
706	return
707	return-tag
708	revel
709	revenge
710	reverberate
711	reverend
712	reverse
713	reversion
714	revestry
715	revilement
716	revival
717	revocation
718	revolution
719	revolver
720	rewood
721	rhabdoid
722	Shagodia
723	rbamphothecal
724	rhematic
725	rhetoric
726	rbemnic
727	rhinocephalas
728	Bhinodermatidae
729	Fan-coral
730	Bfaizoflagellata
731	rMzoristic
732	Bhododendron
733	relation
734	relative
735	relay
736	relentment
737	rhythm
738	Rhyzsena
739	ribald
740	ribbon
741	ribible
742	rice-mill
743	rich
744	Ricinus
745	riddance
746	ride
747	rider
748	ridicule
749	rifacimento
750	rifle
751	rifle
752	ng
753	right
754	rlgbt
755	righteousness
756	rigid
757	rig-out
758	To
759	the
760	ring
761	ring
762	rlnged-arm
763	ring-paxrot
764	rinsing
765	np
766	ripen
767	ript
768	nse
769	rising-lark
770	rither
771	nvaye
772	river-crab
773	riveting-bur
774	roach
775	roadstead
776	roanng
777	rob
778	robin
779	Kobulina
780	rock
781	rock-bound
782	rocket
783	rock-manikin
784	rockwork
785	rod
786	rody
787	rogue
788	rokke
789	Bookbinders'
790	roller-flag
791	BoUulos
792	Roman
793	Romance
794	romantic
795	xonde
796	roodebok
797	roof-guard
798	room
799	roost
800	root
801	root-louse
802	la
803	Roridula
804	rosary
805	rose
806	rose-biirner
807	rosen
808	rose-window
809	roBolio
810	rostrulate
811	rota
812	rotation
813	rote
814	haying
815	Rouen
816	rongh
817	rough-stnff
818	round
819	round
820	Per
821	roundly
822	rouse
823	rout
824	rove
825	More
826	Kozbnrghiacea
827	royalty
828	rubadub
829	rubble
830	rubific
831	rlibsen-cake
832	mck
833	ruddle
834	rudeness
835	nie
836	niflf
837	ruffle
838	rugged
839	nun
840	rule
841	ruler
842	rumbooze
843	mminative
844	rumple
845	rtin
846	run
847	run
848	runcation
849	ruim
850	running
851	Rupicolins
852	Buscus
853	rushed
854	nisseting
855	rust
856	rusticola
857	rusnre
858	ruthless
859	rye-grass
860	The
861	Sabbatarianism
862	Sabbatism
863	Sabine
864	sacatra
865	saccharum
866	saccus
867	sack
868	sacra
869	sacre
870	sacrilege
871	sacrum
872	saddle
873	saddle-nosed
874	sadness
875	safeguard
876	safsty-stop
877	sag
878	sage-brush
879	sagittal
880	sagnin
881	sail
882	sain
883	saint
884	sake
885	salamander
886	sale
887	salicylic
888	salivant
889	sally
890	salmon
891	saxopian
892	
893	
894	
895	
896	
897	
898	
899	fir
