page	entries	image	volume
3	Aalto; Ābādān	8	1
4	abattage	9	1
5		10	1
6	abattoir; Abbadides	11	1
7	Abbās [Ier le Grand]; 'Abbāssides	12	1
8		13	1
9		14	1
10		15	1
11	abbaye; abcès	16	1
12	Abd al-'Aziz [III ibn Sa'ūd]	17	1
13		18	1
14	Abd al-Rahmān [III]	19	1
15	Abdalwādiles; Abd el-Kader	20	1
16	Abd el-Krim	21	1
17	abdomen	22	1
18		23	1
19	Abdülhamid [Ier et II]; abeille	24	1
20		25	1
21		26	1
22		27	1
23	Abel (Niels Henrik)	28	1
24	Abélard (Pierre)	29	1
25	aberration[s]	30	1
26		31	1
27		32	1
28		33	1
29		34	1
30	Abidjan; Abomey (royaume d')	35	1
31	Abou-Simbel	36	1
32	Abramovitz (Chalom Yaacov)	37	1
33	abrasif	38	1
34	Abruzzes [et Molise]	39	1
35	absorption	40	1
36	abstraction	41	1
37		42	1
38		43	1
39		44	1
40		45	1
41	absurde (le sentiment de l')	46	1
42	Abū Nuwās (al-Hasan ibn Hāni')	47	1
43	abysse[s]	48	1
44	académie	49	1
45	académie[s] de musique	50	1
46	Académie royale de danse	51	1
47	Académie royale de peinture et de sculpture	52	1
48	académisme	53	1
49		54	1
50	Acadie	55	1
51	Acarien[s]	56	1
52	accélérateur [de particules]	57	1
53		58	1
54		59	1
55		60	1
56		61	1
57		62	1
58		63	1
59	accident	64	1
60		65	1
61		66	1
62		67	1
63		68	1
64		69	1
65	accidents [du travail]	70	1
66		71	1
67	acclimatation	72	1
68		73	1
69	accompagnement; accord	74	1
70	accouchement	75	1
71		76	1
72		77	1
73		78	1
74		79	1
75		80	1
76		81	1
77	accouplement	82	1
78		83	1
79	accoutumance	84	1
80	Accra	85	1
81	acculturation; accumulateur [électrique]	86	1
82		87	1
83	acétal[s]	88	1
84	acétonémie; acétylcholine	89	1
85	acétylène; Achantis; Achéen[s]	90	1
86	Achéménide[s]	91	1
87		92	1
88		93	1
89		94	1
90		95	1
91	achondroplasie; acide[s]; acides-alcools	96	1
92	acides-aminés	97	1
93	acides carboxyliques; acides cétoniques	98	1
94	acides-phénols	99	1
95	acidité; acido-basique (équilibre); acier	100	1
96		101	1
97		102	1
98		103	1
99	acné	104	1
100	Açores	105	1
101	acoustique	106	1
102	acoustique architectural; acrocyanose	107	1
103	acromégalie	108	1
104	Acropole [d'Athènes]; acte [juridique]; Actinie	109	1
105	actinium; Actinopode[s]	110	1
106	action (sociologie de l'); Action catholique	111	1
107		112	1
108	Action française	113	1
109	action sanitaire et sociale; activation	114	1
110	activation neutronique	115	1
111	activité; activité économique	116	1
112		117	1
113	acupuncture	118	1
114	Adam (les)	119	1
115	Adam (Henri Georges); Adam le Bossu	120	1
116	Adamov (Arthur)	121	1
117	Adams (Samuel, John et John Quincy); adaptation	122	1
118		123	1
119		124	1
120		125	1
121		126	1
122	Addis-Abeba; Addison (Joseph)	127	1
123	additif	128	1
124	adduction	129	1
125		130	1
126	Adélaïde	131	1
127	Aden; Adenauer (Konrad)	132	1
128		133	1
129	adénite; adénome; adénopathie; Ader (Clément)	134	1
130	adhérence	135	1
131		136	1
132	adhésif	137	1
133	Adler (Alfred); administration	138	1
134		139	1
135		140	1
136		141	1
137		142	1
138		143	1
139		144	1
140	adolescence	145	1
141		146	1
142	adoption	147	1
143	Adorno (Theodor Wiesengrund); adrénaline	148	1
144	Adriatique (mer); adsorption; adulte	149	1
145	Ady (Endre)	150	1
146	aérien[s] (transports)	151	1
147		152	1
148		153	1
149	aérien et aérospatial (droit)	154	1
150		155	1
151	aérienne (défense)	156	1
152		157	1
153	aérodynamique	158	1
154		159	1
155	aéroglisseur	160	1
156		161	1
157		162	1
158	aéronautique [et aérospatiale] (industrie)	163	1
159		164	1
160		165	1
161		166	1
162	aéronautique (médecine)	167	1
163	aéronavale	168	1
164		169	1
165	aéronomie; aéroport	170	1
166		171	1
167		172	1
168	aéroporté	173	1
169		174	1
170	aérosol; aérospatial (droit); aérospatiale (industrie); aérospatiale (médecine)	175	1
171	aérostation	176	1
172		177	1
173	aérotechnique	178	1
174	Aérotrain	179	1
175		180	1
176	Aertsen (Pieter)	181	1
177	Afars [et des Issas] (Territoire français des)	182	1
178	affaire[s] [maritimes] (Administration des); affectivité	183	1
179		184	1
180	affiche	185	1
181		186	1
182	affûtage	187	1
183		188	1
184		189	1
185	Afghānisān	190	1
186		191	1
187		192	1
188		193	1
189		194	1
190	Afrique	195	1
191		196	1
192		197	1
193		198	1
194		199	1
195		200	1
196		201	1
197		202	1
198		203	1
199		204	1
200		205	1
201		206	1
202	Afrique noire	207	1
203		208	1
204		209	1
205		210	1
206		211	1
207		212	1
208		213	1
209		214	1
210		215	1
211		216	1
212		217	1
213		218	1
214		219	1
215		220	1
216		221	1
217		222	1
218	Afrique romaine	223	1
219		224	1
220		225	1
221		226	1
222	Afrique [du] Sud (république d')	227	1
223		228	1
224		229	1
225		230	1
226		231	1
227		232	1
228		233	1
229		234	1
230		235	1
231		236	1
232	âge [de la Terre]	237	1
233	Agen; agent [de change]	238	1
234		239	1
235	agglomération [urbaine]	240	1
236		241	1
237	aggloméré; agglutination	242	1
238	Agnathe[s]	243	1
239	Agnon (Samuel Joseph); Agra	244	1
240	agréé; agressivité	245	1
241		246	1
242		247	1
243	agricole (enseignement)	248	1
244	agriculture	249	1
245		250	1
246		251	1
247		252	1
248		253	1
249		254	1
250	Agrigente; Agrippa (Marcus Vipsanius); Agrippine [la Jeune]; agrume[s]	255	1
251	Aguesseau (Henri François d')	256	1
252	aide [sociale]	257	1
253	Aigle; aiguillage	258	1
254	aile	259	1
255		260	1
256	aimant	261	1
257		262	1
258	Ain [01]	263	1
259	air	264	1
260		265	1
261	air comprimé	266	1
262	Aisne [02]; Aix-en-Provence	267	1
263		268	1
264		269	1
265	Aix-la-Chapelle	270	1
266	Ajaccio	271	1
267	Ajantā; ajustement [statistique]	272	1
268	Akbar	273	1
269	Akhmatova (Anna Andrïevna Gorenko); Akinari	274	1
270	Akkad	275	1
271		276	1
272	Aksoum; Akutagawa [Ryūnosuke]	277	1
273	Alabama; Alain (Émile Chartier, dit)	278	1
274	Alain-Fournier (Henri-Fournier, dit); Alains; Alaman[s]; Alaric [Ier]	279	1
275	Alaska	280	1
276	Alawïte[s]; Alba-Iulia; Albanie	281	1
277		282	1
278		283	1
279		284	1
280	Albe (Fernando Álvarez de Tolède, duc d')	285	1
281	Albee (Edward)	286	1
282	Albéniz (Isaac); Albers (Josef); Albert [le Grand] (saint)	287	1
283	Albert [1er]	288	1
284	Alberta	289	1
285	Alberti (Leon Battista); Alberti (Rafael)	290	1
286	Albi	291	1
287	Albigeois; albumen	292	1
288	albumine; albuminurie; Albuquerque (Afonso de); alcalin[s] (éléments et composés)	293	1
289		294	1
290	alcalino[-terreux] (éléments et composés); alcaloïde[s]	295	1
291	alcane[s]; alcène[s]	296	1
292	alchimie	297	1
293	Alcibiade; alcool[s et dérivés fonctionnels]	298	1
294		299	1
295		300	1
296		301	1
297		302	1
298		303	1
299		304	1
300	alcoolisme	305	1
301		306	1
302		307	1
303		308	1
304	Alcuin; Alcyne[s]	309	1
305	aldéhyde[s]; aldéhydes-phénols	310	1
306	aléatoire (musique); aléatoire (variable)	311	1
307		312	1
308	Aleijadinho (Antonio Francisco Lisboa, dit l'); Alemán (Mateo); Alembert (Jean le Rond d')	313	1
309	Alençon; Aléoutienne[s]; Alep	314	1
310	Alès	315	1
311	alésage	316	1
312	Alésia	317	1
313	Alexander (Harold George); Alexandre [le Grand]	318	1
314		319	1
315		320	1
316		321	1
317	Alexandre [III]	322	1
318	Alexandre [IV]; Alexandre [Ier]	323	1
319		324	1
320	Alexandre [II]	325	1
321	Alexandre [III]	326	1
322	Alexandrie	327	1
323		328	1
324		329	1
325		330	1
326	Alexis [Ier Commène]; Alfieri (Vittorio)	331	1
327	Alfred [le Grand]; Alfvén (ondes de)	332	1
328	Algardi (Alessandro); algèbre	333	1
329		334	1
330		335	1
331		336	1
332	algébrique [sur un anneau commutatif] (équation)	337	1
333		338	1
334	Alger	339	1
335		340	1
336	Algérie	341	1
337		342	1
338		343	1
339		344	1
340		345	1
341		346	1
342		347	1
343		348	1
344		349	1
345		350	1
346		351	1
347		352	1
348		353	1
349		354	1
350		355	1
351		356	1
352		357	1
353		358	1
354		359	1
355		360	1
356		361	1
357	Algonquin[s]; Algue[s]	362	1
358		363	1
359		364	1
360		365	1
361	Alide[s]	366	1
362	aliénation; aliment	367	1
363		368	1
364		369	1
365		370	1
366		371	1
367		372	1
368	aliment[s]	373	1
369		374	1
370		375	1
371	alimentaire (régime)	376	1
372		377	1
373		378	1
374		379	1
375	alimentation	380	1
376		381	1
377		382	1
378	alimentation rationnelle du bétail	383	1
379		384	1
380		385	1
381	alizé; Allāh; allaitement	386	1
382	Allemagne	387	1
383		388	1
384		389	1
385		390	1
386		391	1
387		392	1
388		393	1
389		394	1
390		395	1
391		396	1
392		397	1
393		398	1
394		399	1
395		400	1
396		401	1
397		402	1
398		403	1
399		404	1
400		405	1
401		406	1
402		407	1
403		408	1
404	Allemagne (République fédérale d')	409	1
405		410	1
406		411	1
407		412	1
408		413	1
409		414	1
410		415	1
411		416	1
412		417	1
413		418	1
414		419	1
415		420	1
416		421	1
417		422	1
418		423	1
419		424	1
420		425	1
421		426	1
422		427	1
423	Allemagne (République démocratique d')	428	1
424		429	1
425		430	1
426		431	1
427		432	1
428		433	1
429		434	1
430		435	1
431		436	1
432		437	1
433	allergie	438	1
434		439	1
435		440	1
436		441	1
437	alliage	442	1
438		443	1
439		444	1
440		445	1
441		446	1
442	Allier [03]	447	1
443	allumage	448	1
444	allumette	449	1
445		450	1
446	Alma-Ata; Almeida [Garett] (João Baptista de Silva Leitāo de)	451	1
447	Almohade[s]	452	1
448	Almoravide[s]	453	1
449		454	1
450	alopécie	455	1
451	Alpes	456	1
452		457	1
453		458	1
454		459	1
455		460	1
456		461	1
457		462	1
458		463	1
459		464	1
460		465	1
461	Alpes (Hautes-) [05]	466	1
462	Alpes-de-Haute[-Provence 04]	467	1
463	Alpes française	468	1
464	Alpes-Maritimes [06]; alphabet; Alphonse; Alphonse VI	469	1
465	Alphonse X [le Sage]	470	1
466	Alphonse XIII; alpinisme	471	1
467		472	1
468		473	1
469		474	1
470		475	1
471		476	1
472	Alsace	477	1
473		478	1
474		479	1
475		480	1
476		481	1
477		482	1
478	Altaï; Altdorfer (Albrecht)	483	1
479	alternateur	484	1
480		485	1
481	altitude	486	1
482	aluminium	487	1
483		488	1
484		489	1
485		490	1
486	Amanite[s]	491	1
487	Amarna; amas; Amazone	492	1
488	Amazonie	493	1
489	Ambroise [de Milan] (saint)	494	1
490	ambulance; amélioration [des bois]	495	1
491	aménagement [des établissements industriels]	496	1
492		497	1
493		498	1
494	aménagement du territoire	499	1
495		500	1
496		501	1
497		502	1
498		503	1
499	Aménophis [IV]; Amentifère[s]	504	1
500	américium; Amérique	505	1
501		506	1
502		507	1
503		508	1
504		509	1
505		510	1
506		511	1
507	Amérique (Indiens d'); Amérique latine	512	1
508		513	1
509		514	1
510		515	1
511		516	1
512		517	1
513		518	1
514		519	1
515		520	1
516		521	1
517		522	1
518		523	1
519		524	1
520		525	1
521		526	1
522		527	1
523		528	1
524	Amérique précolombienne	529	1
525		530	1
526		531	1
527		532	1
528		533	1
529		534	1
530		535	1
531		536	1
532		537	1
533		538	1
534	ameublement; amiante[-ciment]	539	1
535	amibiase; Amibien[s]	540	1
536	amide[s]	541	1
537	amidon	542	1
538		543	1
