13	technicality
14	tectrices
15	teemfttl
16	of
17	telautograph
18	telegraph
19	telekinetic
20	teleostome
21	telephony
22	telescope
23	telfordize
24	telltale
25	temerarious
26	temper
27	temperately
28	tempestively
29	templify
30	temporary
31	temptation
32	tenaculum
33	tend
34	tender
35	tendon
36	tenement-bouse
37	tenor
38	tenMon
39	tent
40	tent-caterpillar
41	tentorial
42	tepefaction
43	terce
44	teredo
45	term
46	term
47	Terminalia
48	temiitine
49	Ternstrcemiaceae
50	terrae
51	terrestrial
52	territorial
53	tertian
54	TaasarlA
55	test
56	totter
57	testimony
58	testudo
59	tetrabranch
60	Tetradecapoda
61	tetrahedron
62	I
63	tetrasyllable
64	tenthidold
65	textile
66	r-nt
67	thalassographic
68	ThanmobiA
69	thank
70	Thargelion
71	that
72	thanmatorglsm
73	T-head
74	T
75	theftuous
76	theme
77	theodicaea
78	taeoiuK
79	theorbo
80	thsoniB
81	theorem
82	tbeoricon
83	theralite
84	thorest
85	thereupon
86	tbermlcAlly
87	thermograph
88	thermomotar
89	thermotelephone
90	ThoapeaU
91	they
92	thick
93	thick-lipped
94	thiggor
95	thin
96	thing
97	think
98	thlo-ether
99	thirled
100	thU
101	Thistle-raerk
102	CSOft
103	thoracic
104	thorax
105	thorn-broom
106	thoroaghbred
107	thou
108	thoaghtfnl
109	thrall
110	thlMd
111	thread-tailed
112	fi
113	three-quarter
114	threshold
115	I
116	thriving
117	i
118	for
119	through-going
120	throw
121	thrum
122	tliruBt
123	thug
124	thnme
125	thunderbolt
126	thunder-stroke
127	thussock
128	thwart
129	thymic
130	Thysanocarpns
131	tibiale
132	tick
133	tickle
134	H--if
135	tide-gate
136	tie
137	tierras
138	thr
139	tight
140	tUe
141	Tilia
142	Tillandsia
143	tilt
144	timber
145	time
146	time
147	timely
148	IMant
149	tinchel
150	tinder-like
151	Tingitidae
152	tinnlng-metal
153	tintamar
154	tip
155	tipple
156	tlraillenr
157	tiresol
158	tlBfiue
159	Titan
160	title
161	title
162	titration
163	Tityra
164	to
165	toad-eater
166	toast
167	tobacco-knife
168	tocher
169	todlowrey
170	toft
171	toggle-press
172	toilette
173	tola
174	toU
175	toll-man
176	tomato-gall
177	tomfool
178	with
179	tone
180	nniiu-
181	tongued
182	tonic
183	tonsil
184	tool
185	toot
186	tooth
187	tooth-net
188	top
189	I
190	topgallant
191	topmast
192	topsail
193	topsyturvyfication
194	torcnlar
195	tormentil
196	torpedo
197	torpor
198	uSi'a
199	tortile
200	tortuosity
201	tory
202	toss
203	totalization
204	totipalmation
205	touch
206	touch
207	touchstone
208	Au
209	touzle
210	towor
211	towing-net
212	towse
213	toy
214	trace
215	trachea
216	trachelo-occipltalis
217	Trachynotus
218	tracker
219	Tractarian
220	trade
221	trade-unionism
222	tradltor
223	tragacantha
224	tragopan
225	trail
226	train
227	train-oil
228	tralucency
229	tramp
230	tranknin
231	transcendent
232	transcriptlve
233	transfer-day
234	transformable
235	transfimd
236	translllent
237	transitionary
238	translation
239	transmigration
240	transmnte
241	transpassable
242	transpontise
243	transposition
244	transvase
245	transversus
246	trap
247	trapezoidiform
248	trasMly
249	travel
250	traverse
251	travertin
252	treacher
253	tread
254	treasure
255	treat
256	treaty
257	treck
258	tree-creeper
259	tree-pnmer
260	treget
261	trematode
262	tremor
263	trencher-critic
264	trepanner
265	tressure
266	triable
267	trial
268	triangle
269	Triassic
270	tnbual
271	tribute
272	
273	Trichocephalus
274	trick
275	trick
276	trlckly
277	trlcuspidated
278	-0
279	trifle
280	triform
281	trlglold
282	tilgonold
283	trill
284	d
285	Trimera
286	iil
287	trinity
288	trinomial
289	Triopidae
290	trip-book
291	triple
292	tripod
293	tripudiate
294	trinplanchni'
295	triticeos
296	Tr
297	triumvirate
298	trivium
299	Trochilium
300	trode
301	troika
302	trollopM
303	troopial
304	aceoHInc
305	tropology
306	tronbadour
307	trough
308	tront-stream
309	truant
310	trnci
311	true
312	trumeau
313	trumpet
314	tan
315	trunk
316	trass
317	trust
318	Ill
319	try
320	Trypoxylon
321	Tsiiga
322	like
323	tubercle
324	tnbe-shell
325	tu-brugge
326	tab-wheel
327	tucker
328	tuff
329	tug-hook
330	TullUn
331	tumbler
332	tumidity
333	tun
334	toagstotu
335	tuning-fork
336	TnpaU
337	turbid
338	torbot
339	turfy
340	turkey
341	Turkoiiiuiic
342	turn
343	turn
344	In
345	turnbuckle
346	at
347	turnstile
348	TnrivliiU
349	turtle
350	tnak
351	tutenag
352	tnzzy
353	twat
354	Twelfth
355	twichild
356	twigsome
357	twin
358	twins-holder
359	twinleaf
360	twist
361	twistle
362	two
363	Tyburn
364	tympanic
365	tympanum
366	A
367	Same
368	typbomsnia
369	typtologist
370	tyrftnny
371	l
372	Uckewallift
373	Ulmus
374	nliu
375	ultimo
376	Im
377	umbery
378	ombrmge
379	umbrella-bird
380	nmwhila
381	on-
382	nr
383	vmadvisedness
384	uutppeaaad
385	unattempted
386	nolwy
387	unbending
388	unbolt
389	unbnllt
390	tmceaseablfl
391	unchristen
392	nndviUzed
393	unconditioned
394	unconditioned
395	uncontenined
396	mot
397	onculled
398	xmdelty
399	under
400	nnderdraln
401	underivedness
402	underpay
403	undersleep
404	Amood
405	underwork
406	oadlsceniedly
407	un
408	bbato
409	uneaths
410	nnethes
411	unfaithful
412	n
413	unfortunate
414	ct-
415	ungoverned
416	ungBiform
417	unhang
418	unheedlngly
419	XJniat
420	tmideal
421	imigenital
422	nninfluenced
423	union
424	uni
425	unit
426	unite
427	univalve
428	university
429	unkindship
430	nnUwful
431	unlimited
432	umnatcrlate
433	Unmaze
434	luuuitiKated
435	immutable
436	unobjectionable
437	unpalatable
438	nil
439	unpleadable
440	unprecedentedly
441	unprlest
442	unprovable
443	unquit
444	nnrecognlzably
445	unremoved
446	imrestraiiiedness
447	unrude
448	uucriptoral
449	unserviceableness
450	unsightUnefla
451	unsoul
452	mwteadfastly
453	unsupported
454	If
455	unthrift
456	un
457	untrodden
458	Ti
459	unwarily
460	onwiold
461	unworshlp
462	np
463	upas
464	Uphantcnia
465	uplift
466	nprear
467	tipsend
468	npthrow
469	urseus
470	Uraons
471	urchin
472	urethra
473	urinary
474	tit
475	Urolestes
476	UrotrichoB
477	urtical
478	I
479	use
480	uBtolate
481	usurpress
482	liu
483	utricle
484	ur
485	f
486	vaccinal
487	vacillation
488	vacnnm-pump
489	vagina
490	afrs'tifr
491	It
492	of
493	Valhalla
494	A
495	valuable
496	I
497	vamp
498	Tftnadinite
499	Vanessa
500	vanity
501	vapor
502	vaporole
503	variability
504	IT
505	Variegatse
506	n
507	varnish-tree
508	PlrT
509	vase-painting
510	tai
511	Vaudois
512	A
513	Veda
514	vegetallne
515	vehmgericht
516	A
517	veinous
518	Vallosiea
519	velvet
520	Tenation
521	veneer-moth
522	VenerldB
523	vengeance
524	I'
525	vent
526	Tentilation
527	ventrlculus
528	venna
529	Venus's-slipper
530	verbally
531	verbosity
532	tilt'
533	verify
534	Vennetas
535	vermilion
536	vernal
537	verruca
538	verse
539	version
540	vertebralis
541	verticality
542	very
543	vesiculate
544	MiKiricr
545	vested
546	vestry
547	veterinary
548	Vli
549	vibrant
550	Vibnmnm
551	vice
552	viceroy
553	vicontiel
554	vlctoriatua
555	vicugna
556	vie
557	viewless
558	vigor
559	villa
560	Tillanize
561	vinarian
562	vine
563	vinery
564	viol
565	viol-block
566	Tlolet
567	viper
568	Vireo
569	virginal
570	viridlgenooB
571	virtue
572	Tlmlence
573	visceripericardial
574	Ad
575	visionary
576	Tlsitlnjr-book
577	vital
578	vitiatoT
579	vitrescence
580	Syo
581	vivers
582	MInr
583	vocal
584	Tociferodty
585	voice
586	fruiu
587	volatilizable
588	VoUUntia
589	Voltairism
590	thruugh
591	voluntary
592	Voluspa
593	Tomic
594	r
595	vote
596	f
597	voyageur
598	vulgar
599	Vnlpecula
600	vulturine
601	The
602	wadding
603	watbrer
604	omllt
605	waggle
606	wllb'
607	wail
608	waist
609	wait
610	Tbt
611	waker
612	Waler
613	walk
614	wall
615	I'lic
616	walnut
617	waltz
618	wmlts
619	wander
620	wrii
621	wanting
622	l-
623	war
624	warbler
625	war-cry
626	warden
627	ware
628	war-fain
629	warm
630	V
631	warp
632	murrant
633	worry
634	mo
635	wash
636	Wuhingtonla
637	oil
638	wuta
639	wat
640	watch
641	water
642	wiffr
643	water
644	water-boatman
645	outer
646	wator-fcatber
647	water-hammer
648	of
649	water-meter
650	trf-
651	water-shut
652	-0
653	waterwitch
654	wattle
655	wave
656	waved
657	wavy
658	waxen
659	way
660	w
661	wayward
662	weakener
663	wealthful
664	wear
665	wearisome
666	All
667	weathered
668	weather-tile
669	weaver-finch
670	web
671	wedge
672	weed
673	week
674	weeping-cross
675	weigh
676	weight
677	weird
678	weld
679	well
680	well-being
681	
682	well-wisher
683	welt-trimmer
684	A
685	west
686	westward
687	wetting-machine
688	whale
689	whale-fishery
690	at
691	what
692	iiiiil
693	wheatear
694	wheel
695	wheel-base
696	niia
697	wheme
698	whereabout
699	whereunder
700	whether
701	which
702	whiff
703	whiggery
704	whilom
705	whin
706	whip
707	wbiphandle
708	whip-
709	I
710	BlicJtwhlnViTfd
711	whist
712	whistle
713	white
714	London
715	white-eye
716	whitening
717	white
718	on
719	who
720	whole
721	whoop
722	whortleberry
723	wicked
724	wide
725	widgeon
726	wie
727	wig
728	wild
729	wildcat
730	wir
731	will
732	Ill
733	willow
734	it
735	wily
736	win
737	I
738	wind
739	wind-break
740	winding-rope
741	windmilly
742	wind-scale
743	A
744	wing
745	wing-case
746	wink
747	Winslow's
748	Uio
749	winze
750	wire
751	wirework
752	wise
753	wishful
754	wit
755	wit
756	wltchlngly
757	with
758	wither
759	within
760	with
761	witted
762	wizard
763	woeful
764	wolf-fish
765	woman
766	womb-side
767	wonderfully
768	woo
769	A
770	woodcnt
771	woodhouse
772	WoodoflL-kor
773	woodpecker
774	WOo
775	woody
776	wool-gathering
777	wool-work
778	word
779	work
780	tbv
781	workability
782	working-o
783	Axis
784	worm
785	wormpipe
786	worry
787	worship
788	worth
789	worthy
790	T
791	wrapper
792	wreath
793	wrecker
794	Bnnlng
795	wretchedbead
796	wiing
797	writ
798	wrlthel
799	wrong
800	Ul-
801	The
802	Xanthochroi
803	Xanthorrhoea
804	t
805	Xenoplcus
806	xerostomia
807	See
808	wlkiek
809	Xylopia
810	V
811	yager
812	yank
813	yapster
814	Ul-
815	yarrow
816	ycUd
817	year
818	yearning
819	yelling
820	yellow
821	yellowToot
822	yenl
823	yerk
824	yet
825	etc
826	yoke
827	yolk
828	yonsg
829	youth
830	ytUi
831	Yule
832	riip
833	Zamites
834	urate
835	zebra-parrakeet
836	zemlndary
837	An
838	Vl-
839	tiaCO
840	siphioid
841	Zoarces
842	coUvereiii
843	zonociliate
844	zoAglcDa
845	zoology
846	xoAphyte
847	Zorilla
848	nnyite
849	zygolabialis
850	tycosphone
851	LIST
852	AMENDED
853	LIST
854	AiM
855	AMENDED
856	AMENDED
857	AMENDED
858	AMENDED
859	LIST
860	LIST
861	LIST
862	LIST
863	LIST
864	LIST
865	LIST
866	LIST
867	LIST
868	LIST
869	LIST
870	LIST
871	LIST
872	LIST
873	LIST
874	LIST
875	LIST
876	LIST
877	LIST
878	LIST
879	LIST
880	Cluu-Ui
881	
882	i
883	
884	
885	
886	
