A;359
ACORDE;360
AIM;361
ANUITIER;362
ASENTEMENT;363
AVOI;364
BIEN DE MOI;365
ÇA;366
CHAVOLE;367
COLOIER;368
COP;369
CRIE;370
DEMANOIS;371
DESTRESSE;372
EINZ;373
ENGINGNER;374
ES;375
ESLOINGE;376
ESTORDRE;377
FAMEILLEUS;378
FORFAIRE;379
GAAINGNE;380
GESTE;381
GUENCHE;382
HONS;383
JOINTE;384
LETRE;385
MAIS;386
MENRA;387
MOIE;388
NOIF;389
OS;390
PART;391
PLAIS;392
PREUZ;393
RAINE;394
REMPLE;395
ROBER;396
SEIGNIER;397
SONET;398
TENDRIER;399
TRÉ;400
VANVOLE;401
VOIL GE;402
