61	The
62	In
63	-a
64	abacns
65	abannition
66	abatis
67	abbev-counter
68	Abdevenham
69	abduce
70	aberrant
71	abhor
72	ability
73	abjuror
74	ablewhackets
75	abolete
76	aboriginality
77	about
78	Abraham'
79	abridgment
80	abscession
81	or
82	absolutely
83	absorption
84	abstinent
85	abstraction
86	abncco
87	abut
88	acacy
89	acanthse
90	Acanthopbractse
91	acatalectic
92	accelerator
93	accept
94	accession
95	accidental
96	acclimation
97	accommodation
98	accomplishable
99	account
100	accoutrement
101	accumbent
102	accusative
103	Acepliala
104	acerose
105	acetometer
106	acbenlum
107	achorion
108	acidify
109	Acipenseres
110	AcocUldes
111	acontium
112	acquaint
113	acquisible
114	acrecbolic
115	acroama
116	acrodont
117	acropodium
118	Hence
119	J
120	Actinoida
121	action
122	active
123	actualization
124	acupressure
125	-ada
126	Adapts
127	ad
128	addict
129	address
130	adductor
131	adenomyoma
132	adhere
133	adiaphorist
134	adjag
135	adjunct
136	adjutant-general
137	administerial
138	admiralty
139	admonishingly
140	ado
141	adorable
142	adoTsed
143	adry
144	adnlteration
145	advance
146	advantage
147	adventuress
148	advert
149	advised
150	adynamia
151	tegagrus
152	famUv
153	sess
156	aSroscepsy
157	aeroscepsy
158	Sower
159	afar
160	affectate
161	affectuously
162	affinity
163	afSict
164	afform
165	afify
166	Africander
167	afterings
168	against
169	Agamoidea
170	agate
171	age
172	agent
173	aggrandizement
174	aggression
175	agitate
176	agnail
177	agnus
178	agony
179	agree
180	agriculturist
181	Agrotis
182	ahu
183	Aieuiire
184	ainsel'
185	air-carbureter
186	air-hoist
187	air-tube
188	ajutage
189	alabaster
190	alar
191	Glass
192	albicore
193	albumen
194	alcatras
195	alcohol
196	Alcyonidiidse
197	ale-cost
198	alembic
199	aleuronlc
200	alfiona
201	Algerine
202	alien
203	alight
204	alinasal
205	aikaligen
206	aU
207	aiiaglte
208	allegation
209	UBed
210	alliance
211	alliteration
212	con--
213	allotropy
214	aUoy
215	alluvion
216	almond
217	almucantar
218	alone
219	alp
220	alpine
221	Altar-bread
222	alterant
223	alternation
224	altricial
225	aluminium
226	Alysia
227	amalgamate
228	amass
229	Amazon
230	amber
231	ambilogy
232	Amblyopsidse
233	ambrotype
234	amburbial
235	amen
236	ament
237	ametrometer
238	Same
239	Anunobium
240	Ammonites
241	amnion
242	among
243	amortization
244	one
245	Amphibolidae
246	Lower
247	ampliipodous
248	ampMtheatrically
249	amphoteric
250	amplitude
251	amucK
252	amygdaloid
253	an-
254	-0
255	I
256	anagram
257	analogium
258	analytic
259	anapaest
260	AnamacinSB
261	anathema
262	anatomize
263	ancestrei
264	aacQor
265	anchovy
266	ancille
267	and
268	Andrea
269	Andropogon
270	anemocracy
271	anes
272	angeleen
273	anger
274	angiosis
275	Spherical
276	Anglicize
277	Anglo-Saxon
278	anguish
279	anhidrosis
280	animability
281	Animalia
282	animative
283	Anisobranchiata
284	related
285	annealing
286	annlhilationism
287	annoyance
288	annolation
289	anococcygeal
290	Anomalops
291	An
292	anormal
293	answer
294	ant
295	antarctic
296	antecessor
297	antemundane
298	antependinm
299	anthemion
300	anthocltnium
301	anthotaxis
302	antliropogenist
303	antbropomorphous
304	antix
305	antichrist
306	Aobcous
307	Antigaster
308	antilopme
309	antimony-blende
310	antipathy
311	antipode
312	antiquity
313	antitheist
314	antlia
315	Anurida
316	anytMngarian
317	Apanteles
318	Apatura
319	apertured
320	apheretically
321	aphorism
322	apiary
323	aplasia
324	apocopate
325	apodictic
326	Apollo
327	apophyge
328	apostasy
329	apostolic
330	apothem
331	apparatus
332	appeal
333	appease
334	Appendicularia
335	appetence
336	apple
337	applot
338	apportionate
339	appreciate
340	apprehensive
341	approbative
342	approvedly
343	apricot
344	apselaphesis
345	-ipter-i
346	aquamanne
347	Aquila
348	axabesque
349	Araceae
350	Aialiaceae
351	Araucaria
352	arbitrate
353	arborize
354	arc-cosine
355	arclisean
356	Statuett'-
357	archduchess
358	archesthetism
359	Greek
360	architecture
361	archpillar
362	Arctipalatales
363	arcus
364	ficies
365	arenicolid
366	Aretine
367	argentometer
368	argosy
369	argumental
370	ana
371	Arimaspian
372	Aristolochia
373	ark
374	arm
375	Armenian
376	lievf
377	armorer
378	arnica
379	around
380	arrangement
381	arrect
382	arrhizons
383	arrogance
384	arrow-stone
385	arson
386	Artemisia
387	arthroderm
388	artichoke
389	articulate
390	artificially
391	artless
392	-aiy
393	as
394	Asarum
395	ascension
396	Ascidia
397	ascribe
398	asb
399	Asiatic
400	His
401	asomatous
402	aspen
403	asphalt
404	asprmo
405	assassinate
406	assassinate
407	assemble
408	assert
409	asseverative
410	assignation
411	assistant
412	associate
413	ass
414	assurance
415	Astacidae
416	Cross-section
417	asthma
418	Astraeacea
419	astrictory
420	astronomian
421	astyllen
422	asystaton
423	ataxic
424	atelocardia
425	Athenaeum
426	athwart
427	atlas
428	It
429	atonement
430	atrioventricular
431	atrous
432	attagen
433	attaste
434	attendance
435	atterate
436	attire
437	attraction
438	attrition
439	auction
440	audit
441	auger-bit
442	augur
443	Ground-pig
444	aura
445	auricular
446	auroclis
447	auspicious
448	austromancy
449	author
450	autobiographic
451	autogenous
452	automobile
453	autositarius
454	avail
455	avast
456	aventre
457	averpenny
458	Avestan
459	avoid
460	avowance
461	awane
462	aween
463	Brad-awl
464	axile
465	axis
466	axletree
467	ayenbite
468	azotometer
469	The
470	babbler
471	baby
472	bacchante
473	bachelor's-buttons
474	back
475	backbone
476	bacMng-boards
477	backstay
478	Baconian
479	bad
480	badgir
481	bag
482	baggily
483	bahut
484	bailee
485	bairn
486	bakhshish
487	balance
488	balance-plow
489	Balanus
490	balderdash
491	baline
492	baU
493	ballast
494	baUing
495	ballot
496	balneation
497	baltei
498	bamboo-partridge
499	banana
500	band
501	bandoleer
502	Twas
503	banisli
504	TTnited
505	banluruptcy
506	banner-stone
507	Bantu
508	baptistic
509	baralipton
510	barbariamze
511	barbel
512	Barbus
513	bare
514	bargainee
515	bark
516	barkometer
517	barnaby
518	baroco
519	taronet
520	barrad
521	barrel-pen
522	barrier
523	bar-shear
524	barytone
525	base
526	base-line
527	bashlyk
528	Basilian
529	basin
530	basitemporal
531	bas-relief
532	used
533	baste
534	bat
535	bate
536	bath
537	Bathymasteridse
538	batt
539	batter
540	battery
541	Dattle
542	battne
543	bavardage
544	Iiay
545	bayardly
546	bdellatomy
547	beach-clam
548	beadhook
549	beak
550	beam-engine
551	Bean-weevil
552	Dear
553	bearbine
554	bearing
555	beat
556	beat
557	beaupere
558	beaver
559	beccafico
560	become
561	bedaggle
562	bedight
563	From
564	beech
565	beehive
566	see
567	befall
568	beg
569	begger
570	beguile
571	behavior
572	beholding
573	bekko-ware
574	beleave
575	belie
576	belive
577	belladonna
578	bellied
579	ContCTuporancous
580	belly-timber
581	below
582	SetzvisiiJi
583	ben
584	bend
585	beneath
586	benefic
587	benefit
588	benignity
589	ben-teak
590	berat
591	bergall
592	Bemicla
593	berwick
594	beset
595	besmear
596	Bessemer
597	bestorm
598	beteach
599	betrash
600	bettennost
601	bevel
602	bewet
603	beyond
604	Bhatanese
605	Oiron
606	tibliolatry
607	bice
608	bickering
609	Did
610	of
611	big
612	biglot
613	bilander
614	bilifoscin
615	bill
616	the
617	bill-poster
618	bina
619	binding
620	binomialist
621	biomagnetism
622	Bipinnaria
623	bird
624	bird's-nest
625	birthing
626	bishop
627	bishop's-wort
628	bissextile
629	bit
630	in
631	bitter-salt
632	bivittate
633	black
634	blackbur
635	blacking
636	black-snake
637	blade
638	blamelessness
639	blandiloquence
640	blanketing
641	blasphemy
642	blasting
643	blasty
644	blaze
645	bleaching
646	
647	Blenheim
648	bless
649	blight
650	blind-bom
651	blinkard
652	blithesomeness
653	block
654	blockish
655	blood
656	bloodshedding
657	bloom
658	blot
659	blow
660	blowpipe
661	blue
662	bhiefisli
663	bluet
664	blunderbuss
665	blush
666	boar
667	boar-fish
668	boat-shaped
669	bobbin
670	bockelet
671	bodin
672	body-guard
673	boggle
674	Bohemian
675	boisterous
676	bole
677	bolster
678	bolt
679	bombace
680	bombinate
681	bonail
682	bond
683	bone
684	bone-turqnoise
685	bonnet
686	booby-hutch
687	book
688	book-post
689	booming
690	boot
691	bootmaker
692	Borassus
693	bordman
694	Clover-nxit
695	borough
696	boscage
697	tured
698	botanical
699	both
700	bottine
701	bottom
702	bonffant
703	boule
704	bound
705	bouquetier
706	bouse
707	bow
708	bowel
709	bow-kndt
710	hueJis
711	box-coil
712	boycott
713	brace
714	bracMferous
715	brachygrapher
716	bracing
717	brad
718	Brahmaic
719	brain
720	brairo
721	bramble
722	brancMse
723	branchiostege
724	brand-iron
725	brant
726	brassage
727	braunite
728	brawl
729	trazen
730	breach
731	break
732	break
733	breakneck
734	breast-line
735	breathe
736	breech
737	breeding
738	brent-goose
739	breviary
740	Eriarean
741	brick
742	bridegroom
743	bridge
744	brief
745	brigandine
746	brilliant
747	brimful
748	bring
749	brisk
750	British
751	broad
752	brocket
753	brocket
754	bee
755	bromlite
758	bronze
759	brook
760	brother
761	Fruiting
762	Brownian
763	bruise
764	trusli
765	brutality-
766	important
767	Buboninas
768	Sucefihatus
769	bucker
770	buckle
771	bucksome
772	Buddhism
773	buff
774	Made
775	Bufoniformia
776	bngleweed
777	bulb
778	bulk
779	bull
780	bnllet-headed
781	bullion
782	buUy
783	Bumblebee
784	bumpkin
785	bung
786	bunt
787	buoyancy
788	burbot
789	burette
790	burghmote
791	burin
792	bnm
793	burnish
794	bursal
795	bury
796	bushelage
797	ousK
798	bustle
799	And
800	Bathos
801	Itis
802	butterfly-orchis
803	button
804	butyric
805	buzzard
806	by
807	by-lane
808	byssi
809	The
810	cabcila
811	cabbage-tree
812	Cabiritic
813	of
814	cachinnation
815	cacoon
816	caddis
817	cadent
818	caducibranchiate
819	Cxsarize
820	caingel
821	cajuput
822	Vi
823	calandra
824	calcar
825	calcine
826	calculation
827	calendar
830	calf
831	calico-wood
832	calk
833	call
834	calligraphical
835	callithumpian
836	calm
837	caloric
838	caltrop
839	Calvinism
840	as
841	camaieu
842	cambric
843	Camellia
844	camera
845	cammock
846	campaigne
847	camphene
848	campophagine
849	can
850	canal
851	canalis
852	cancel
853	Cancridae
854	candid
855	candle-mine
856	canell
857	canine
858	cannery
859	cannon
860	canoe
861	canonic
862	Portal
863	John
864	canterbury
865	cantingly
866	Cantuarian
867	caoutchoucin
868	capacious
869	capellet
870	capibara
871	capitibranchiate
872	Capito
873	capitulum
874	Caprellidse
875	Caprimulgus
876	cap-sill
877	captain
878	captive
879	grown
880	caxamba
881	caravan-boiler
882	carbon
883	carboy
884	Carchaxiids
885	card
886	Cardlids
887	The
888	care
889	carene
890	caribou
891	Carinellidae
892	car-load
893	carnality
894	carnivore
895	caroon
896	carp
897	carpet-bagger
898	Carpodacus
899	carriage
900	camon
901	carry
902	carte
903	cartilage
904	cartridge-paper
905	carve
906	caryopsis
907	case
908	case
909	cash
910	casings
911	Cassia
912	Cassiopeia
913	cast
914	cast
915	castellate
916	cast-
917	castor
918	casual
919	of
920	catacomb
921	catalogue
922	eataphracti
923	catastagmus
924	catch
925	catching
926	catecliize
927	cater
928	catliarize
929	cathetal
930	catholicity
931	catoptric
932	cattle
933	caudle
934	as
935	A
936	cauterize
937	cavalier
938	caveach
939	Cavicornia
940	Caxton
941	Cebrionidsa
942	cede
943	celantes
944	celestial
945	cell
946	Celleporidae
947	
948	J
949	
950	i
951	t
952	
