27	The
28	a
29	-a
30	Capital
31	abannition
32	abatis
33	abbey-counter
34	Abdevenham
35	abdnce
36	aberrant
37	abhor
38	ability
39	abjuror
40	ablewhackets
41	abolete
42	aboriginality
43	about
44	Abraham's-balm
45	abridgment
46	abscession
47	absinthe
48	absolutely
49	absorption
50	abstinent
51	abstraction
52	abucco
53	abut
54	acacy
55	Plural
56	Acanthophractae
57	acatalectic
58	accelerator
59	accept
60	accession
61	pi
62	acclimation
63	accommodation
64	accomplishable
65	account
66	accoutrement
67	accumbent
68	accusative
69	Acephala
70	acerose
71	acetometer
72	achenium
73	achorion
74	acidify
75	Acipenseres
76	AcocMides
77	acontium
78	acquaint
79	acquisible
80	acrecbolic
81	acroama
82	acrodont
83	acropodium
84	act
85	act
86	Actinoida
87	action
88	active
89	actualization
90	acupressure
91	-ada
92	Adapis
93	ad
94	addict
95	address
96	adductor
97	adenomyoma
98	adhere
99	adiaphorist
100	adjag
101	there
102	adjutant-general
103	administerial
104	admiralty
105	admittatur
106	ado
107	adorable
108	adorsed
109	adry
110	adulteration
111	advance
112	advantage
113	adventuress
114	advert
115	advised
116	adynamia
117	aegagrus
118	JEgithalinae
119	sess
120	aerial
121	aeroseepsy
122	flower
123	afar
124	affectate
125	affectuously
126	In
127	afflict
128	afform
129	affy
130	Africander
131	afterings
132	against
133	Agamoidea
134	agate
135	age
136	agent
137	aggrandizement
138	aggression
139	agitate
140	agnail
141	agnus
142	agony
143	agree
144	agriculturist
145	Agrotis
146	aim
147	Aiguie-reofsilverfriltinthe
148	ainsel'
149	air-carbureter
150	air-hoist
151	air-tube
152	Akee
153	alabaster
154	alar
155	Glass
156	albedo
157	albumen
158	alcatras
159	alcohol
160	Alcyonidiidae
161	ale-cost
162	alembic
163	aleuronic
164	alfiona
165	Algerine
166	alien
167	alight
168	alinasal
169	alkaligen
170	all
171	allagite
172	allegation
173	allenarly
174	in
175	alliteration
176	all-one
177	allotropy
178	alloy
179	alluvion
180	almond
181	almucantar
182	alone
183	alp
184	alpine
185	Altar-bread
186	alterant
187	alternation
188	altricial
189	aluminium
190	Alysia
191	amalgamate
192	amass
193	Amazon
194	amber
195	ambilogy
196	Amblyopsidae
197	ambrotype
198	amburbial
199	amen
200	ament
201	ametrometer
202	amid
203	Am
204	ammonio-
205	amnion
206	among
207	amortization
208	ampere
209	Amphibolidas
210	amphidromical
211	ainphipodous
212	amphitheatrically
213	amphoteric
214	amplitude
215	Amulets
216	amygdaloid
217	an-
218	anabolic
219	anaconda
220	anagram
221	analogium
222	analytic
223	anapaest
224	Anarnacinse
225	anathema
226	anatomize
227	ancestrel
228	ancnor
229	anchovy
230	ancille
231	and
232	Andrea
233	Andropogon
234	Casella's
235	anes
236	angeleen
237	anger
238	angiosis
239	angle
240	Anglicize
241	Anglo-Saxon
242	anguish
243	anhidrosis
244	animability
245	Animalia
246	animative
247	Anisobranchiata
248	ankle
249	annealing
250	annihilationism
251	annoyance
252	annulation
253	anococcygeal
254	Anomalops
255	anormal
256	Another
257	answer
258	ant
259	antarctic
260	antecessor
261	antemundane
262	antependium
263	anthemion
264	anthoclinium
265	anthotaxis
266	anthropogenist
267	anthropomorphous
268	antiae
269	antichrist
270	Anticous
271	Parasite
272	antilopine
273	antimony-blende
274	antipathy
275	antipode
276	antiquity
277	antltheist
278	antlia
279	Anurida
280	anythingarian
281	Apanteles
282	Apatura
283	apertured
284	apheretically
285	aphorism
286	apiary
287	aplasia
288	apocopate
289	apodictic
290	Apollo
291	apophyge
292	apostasy
293	apostolic
294	apothem
295	apparatus
296	appeal
297	appease
298	Appendicularia
299	appetence
300	apple
301	applot
302	apportionate
303	appreciate
304	apprehensive
305	approbative
306	approvedly
307	It
308	apselaphesis
309	Apteryx
310	aquamarine
311	Aquila
312	styles
313	Araceae
314	Arallaceae
315	Araucaria
316	arbitrate
317	arborize
318	arc-cosine
319	archaean
320	Archaistic
321	archduchess
322	archesthetism
323	archimandrite
324	architecture
325	archpillar
326	A
327	arcus
328	area
329	arenicolid
330	Aretine
331	argentometer
332	dispute
333	argumental
334	aria
335	Arimaspian
336	Aristolochia
337	ark
338	Armenian
339	Armenian
340	Arminian
341	armorer
342	arnica
343	around
344	arrangement
345	arrect
346	arrhizous
347	arrogance
348	arrow-stone
349	arson
350	Artemisia
351	arthroderm
352	artichoke
353	articulate
354	artificially
355	artless
356	-ary
357	as
358	Asarum
359	ascension
360	Ascidia
361	ascribe
362	ash
363	Asiatic
364	ask
365	asomatous
366	aspen
367	asphalt
368	Aspila
369	asprino
370	assassinate
371	assemble
372	assert
373	asseverative
374	assignation
375	assistant
376	associate
377	ass
378	assurance
379	Astacidae
380	asteriated
381	asthma
382	Astraeacea
383	astrictory
384	use
385	astyllen
386	asystaton
387	ataxic
388	atelocardia
389	Athenaeum
390	athwart
391	atlas
392	atom
393	atonement
394	atrioventricular
395	atrous
396	attagen
397	attaste
398	attendance
399	atterate
400	attire
401	attraction
402	attrition
403	auction
404	audit
405	auger-bit
406	of
407	Grntind-pig
408	aura
409	hoa
410	aurochs
411	auspicious
412	austromancy
413	author
414	autobiographic
415	autogenous
416	autometric
417	autostylic
418	avail
419	avast
420	aventre
421	averpenny
422	Avestan
423	avoid
424	avowance
425	awane
426	aween
427	awkwardness
428	axile
429	axis
430	axletree
431	ayenbite
432	azotometer
433	y
434	babbler
435	baby
436	bacchante
437	bachelor's-buttons
438	back
439	backbone
440	backing-boards
441	backstay
442	Baconian
443	bad
444	badgir
445	bag
446	baggily
447	bahut
448	bailee
449	bairn
450	bakhshish
451	balance
452	balance-plow
453	Balanus
454	balderdash
455	baline
456	ball
457	balladry
458	balling
459	ballot
460	balneation
461	baltei
462	bamboo-partridge
463	banana
464	band
465	bandoleer
466	bane
467	banish
468	bank
469	bankruptcy
470	banner-stone
471	Bantu
472	baptistic
473	baralipton
474	barbarianize
475	barbel
476	Barbus
477	A
478	bargainee
479	bark
480	barkometer
481	barnaby
482	baroco
483	baronet
484	barrad
485	barrel-pen
486	barrier
487	bar-shear
488	barytone
489	base
490	base-line
491	bashlyk
492	Basilian
493	basin
494	basitemporal
495	bas-relief
496	Bassia
497	baste
498	bat
499	To
500	bath
501	Bathymasteridse
502	fourth
503	batter
504	battery
505	battle
506	battue
507	bavardage
508	bay
509	bayardly
510	bdellatomy
511	beach-clam
512	beadhook
513	beak
514	beam-engine
515	bean-stalk
516	tear
517	bearbine
518	bearing
519	beat
520	beat
521	beaupere
522	beaver
523	beccaflco
524	become
525	bedaggle
526	bedight
527	bed-sore
528	beech
529	beehive
530	beestings
531	befall
532	beg
533	begger
534	beguile
535	behavior
536	beholding
537	bekko-ware
538	beleave
539	belie
540	belive
541	belladonna
542	bellied
543	bell-rope
544	belly-timber
545	below
546	Belvoisia
547	ben
548	bend
549	beneath
550	benefic
551	benefit
552	benignity
553	ben-teak
554	bequeath
555	bergall
556	Bernicla
557	these
558	beset
559	besmear
560	Bessemer
561	bestorm
562	beteach
563	betrash
564	bettermost
565	bevel
566	bewet
567	beyond
568	Bhutanese
569	Oiron
570	bibliolatry
571	bice
572	bickering
573	bid
574	bienseance
575	big
576	biglot
577	bilander
578	bilifuscin
579	bill
580	Three
581	bill-poster
582	bina
583	binding
584	The
585	biomagnetism
586	Bipinnate
587	bird
588	bird's-nest
589	birthing
590	bishop
591	bishop's-wort
592	bissextile
593	bit
594	bitnoben
595	bitter-salt
596	bivittate
597	black
598	Air
599	blacking
600	black-snake
601	blade
602	blamelessness
603	blandiloquence
604	blanketing
605	blasphemy
606	blasting
607	blasty
608	blaze
609	bleaching
610	bleed
611	Blenheim
612	bless
613	blight
614	blind-born
615	blinkard
616	blithesomeness
617	block
618	blockish
619	blood
620	bloodshedding
621	bloom
622	blot
623	blow
624	blowpipe
625	blue
626	t
627	bluet
628	blunderbuss
629	blush
630	boar
631	boar-fish
632	boat-shaped
633	bobbin
634	bockelet
635	bodin
636	body-guard
637	boggle
638	Bohemian
639	boisterous
640	bole
641	bolster
642	bolt
643	bombace
644	Bombyx
645	bonail
646	bond
647	bone
648	bone-turquoise
649	bonnet
650	booby-hutch
651	book
652	book-post
653	booming
654	side-seam
655	bootmaker
656	Borassus
657	bordman
658	borer
659	borough
660	boscage
661	boss
662	botanical
663	both
664	bottine
665	bottom
666	bouffant
667	boule
668	bound
669	bouquetier
670	bouse
671	bow
672	bowel
673	bow-knot
674	bowsprit
675	box-coil
676	boycott
677	brace
678	brachiferous
679	brachygrapher
680	bracing
681	brad
682	Brahmaic
683	brain
684	brairo
685	bramble
686	branchiae
687	branchiostege
688	brand-iron
689	brant
690	brassage
691	braunite
692	brawl
693	brazen
694	breach
695	break
696	v
697	breakneck
698	breast-line
699	breathe
700	breech
701	breeding
702	brent-goose
703	breviary
704	Briarean
705	brick
706	bridegroom
707	bridge
708	brief
709	brigandine
710	brilliant
711	brimful
712	bring
713	brisk
714	British
715	broad
716	broadside
717	brocket
718	brokage
719	bromlite
720	bronze
721	brook
722	brother
723	Broussa
724	Brownian
725	bruise
726	brush
727	brutality
728	Bryum
729	Buboninae
730	Bu
731	bucker
732	buckle
733	bucksome
734	Buddhism
735	buff
736	buffer-block
737	Bufoniformia
738	bugleweed
739	bulb
740	bulk
741	bull
742	bullet-headed
743	bullion
744	bully
745	Bumblebee
746	bumpkin
747	bung
748	bunt
749	buoyancy
750	burbot
751	burette
752	burghmote
753	burin
754	burn
755	burnish
756	bursal
757	bury
758	bushelage
759	busk
760	bustle
761	but
762	Buthus
763	buttal
764	butterfly-orchis
765	button
766	butyric
767	buzzard
768	by
769	by-lane
770	byssi
771	The
772	cabala
773	European
774	Same
775	of
776	cachinnation
777	cacoon
778	caddis
779	cadent
780	caducibranchiate
781	Ctesarize
782	caingel
783	cajuput
784	Ola-
785	calandra
786	calcar
787	calcine
788	calculation
789	calendar
790	calf
791	calico-wood
792	calk
793	call
794	calligraphical
795	callithumpian
796	calm
797	caloric
798	caltrop
799	Calvinism
800	Helmet
801	camaieu
802	cambric
803	Camellia
804	camera
805	cammock
806	campaigne
807	camphene
808	campophagine
809	can
810	canal
811	canalis
812	cancel
813	Cancridae
814	candid
815	candle-mine
816	canell
817	canine
818	cankery
819	cannon
820	canoe
821	canonic
822	m
823	John
824	canterbury
825	cantingly
826	Cantuarian
827	caoutchoucin
828	capacious
829	capellet
830	capibara
831	capital
832	Capito
833	SOT
834	Caprellidse
835	Caprimulgus
836	cap-sill
837	captain
838	captive
839	car
840	Horse-mackerel
841	caravan-boiler
842	carbon
843	carboy
844	Carchariidas
845	card
846	Cardiids
847	The
848	care
849	carene
850	caribou
851	Carinellidae
852	car-load
853	carnality
854	carnivore
855	caroon
856	carp
857	carpet-bagger
858	Oarpodacus
859	carriage
860	carrion
861	carry
862	carte
863	cartilage
864	cartridge-paper
865	carve
866	sill
867	case
868	case
869	Chinese
870	casings
871	Cassia
872	Cassiopeia
873	cast
874	cast
875	castellate
876	casting-weight
877	castor
878	casual
879	cat
880	catacomb
881	catalogue
882	cataphracti
883	catastagmus
884	catch
885	catching
886	catechize
887	cater
888	catharize
889	cathetal
890	catholicity
891	catoptric
892	cattle
893	caudle
894	caup
895	cause
896	cauterize
897	cavalier
898	caveach
899	Cavicornia
900	A
901	CebrionidaB
902	cede
903	celantes
904	celestial
905	cell
906	a
907	
908	
909	
910	
911	
912	
