13	Celticize
14	conation
15	censor
16	centage
17	center
18	central
19	central
20	centrifugal
21	centropomid
22	century
23	Cephalobranchia
24	Cephaloptera
25	Cepphus
26	Ceratiidas
27	Branch
28	cercana
29	Cerdale
30	cerebration
31	ceremonious
32	Ceriphasiidae
33	certain
34	certification
35	Cervicapra
36	cessavit
37	cestus
38	cetrariaeform
39	chack
40	Chatophora
41	chaff
42	chain
43	chair
44	chalcidian
45	Mayence
46	challenge
47	cliamsecephalic
48	chamberer
49	chamfered
50	champignon
51	chancel
52	chandelier
53	change
54	channel-bone
55	chanticleer
56	chape
57	chapfallen
58	chapter
59	Characinidae
60	characteristic
61	charcoal-pit
62	charge
63	charioteering
64	charlatanism
65	chart
66	chartreuse
67	chasm
68	chastity
69	chattel
70	chaundry
71	cheap
72	cheatee
73	checker
74	Cheeky
75	cheer
76	cheese
77	Terminal
78	Chelonia
79	chemical
80	chenille
81	cherry
82	cherubin
83	chesten
84	cheval-glass
85	chevronel
86	cliiastre
87	chicken
88	chidester
89	cMeve
90	childbed
91	chill
92	Chilonycteris
93	cUmera
94	chinmey-work
95	chinching-iron
96	chink
97	chip
98	Chirocentrus
99	chiroplast
100	chirurgery
101	cMton
102	cblsena
103	chloranilic
104	Chloropeltidea
105	Choanoflagellata
106	choice
107	choke
108	choleric
109	chondrify
110	Chondrostoma
111	chop
112	choragic
113	chordometer
114	choristopodous
115	chough
116	chrism
117	Christhood
118	Christmas
119	chromatology
120	chromoleucite
121	chronogrammatic
122	chrysalis
123	chrysography
124	Chthonascidiae
125	chuckle
126	chanter
127	church-ale
128	church-work
129	chyle-bladder
130	Cicadaria
131	Cicindela
132	Ci'iiarts
133	Ciliciau
134	cimolia
135	cinctoplanular
136	cingle
137	cinque
138	cipherer
139	circle
140	circuit
141	circular
142	in
143	circumference
144	circumlition
145	circumscribed
146	circiimstantiable
147	t
148	Branch
149	Cist
150	cital
151	citizen
152	city
153	civilian
154	Preterit
155	claim
156	clam
157	clamor
158	clandestinity
159	clap
160	claret
161	Clarkia
162	class
163	classiflcatory
164	claudicant
165	clave
166	clavotrapezlus
167	clay
168	clean
169	cleanse
170	clear
171	Ca-
172	cleddyo
173	clench
174	cleptomania
175	clerk
176	clever
177	client
178	climate
179	clinant
180	cUnkiuu-clankuin
181	clipi
182	Clisiocampa
183	cloaca
184	clock-case
185	clog-almanac
186	close
187	close
188	Clostcriunt
189	cloth-breech
190	clotty
191	cloudy
192	clove
193	cloy
194	club-moss
195	clumsily
196	clutcli
197	elytra
198	The
199	coagent
200	separated
201	coal-plant
202	coart
203	Coat
204	cob
205	cobelligerent
206	cocainize
207	coccus
208	Cochlear
209	cock
210	cockatrice
211	cockhorse
212	cockney
213	cock-sure
214	cocquer
215	code
216	codling
217	Coelacantbus
218	coelosperm
219	coerce
220	coeztend
221	coffer
222	cogency
223	cognition
224	cognoscibility
225	cohesive
226	coil
227	coinheritance
228	Cohisfts
229	cold
230	coleopterist
231	Coliomorphas
232	r
233	collation
234	collective
235	collegian
236	Collida
237	collish
238	coUop
239	collybist
240	colometry
241	colonnaded
242	color
243	colorable
244	colorman
245	colpeurynter
246	Colubrinx
247	showing
248	columnar
249	comatous
250	combatively
251	comburgess
252	come
253	come
254	comely
255	comfort
256	coming
257	command
258	commaterial
259	commend
260	commensurate
261	commercialism
262	commissary
263	commission-merchant
264	committent
265	commolition
266	common
267	commonness
268	commos
269	communicate
270	communion-cup
271	commutator
272	companion
273	comparative
274	compart
275	compass
276	compear
277	compensation
278	competitory
279	complaining
280	complete
281	complezional
282	compliment
283	componend
284	composing-stick
285	composition
286	compouBd
287	comprehensible
288	compressor
289	Compsothlypis
290	compurgatory
291	hrio
292	conceal
293	conceitedly
294	concentrated
295	conceptional
296	concert
297	concha
298	conciergene
299	concitato
300	conclusive
301	concord
302	concremation
303	concubinage
304	concurrent
305	condemned
306	condescendency
307	condition
308	condole
309	conduct
310	conduct
311	cone
312	A
313	confederate
314	confess
315	confessionary
316	confidentiality
317	confirmable
318	conflagrate
319	conform
320	confounded
321	confused
322	congee
323	congeriate
324	conglutinate
325	congregation
326	CongTOgadus
327	conicity
328	conjecture
329	conjugate
330	conjuncture
331	connaturality
332	if
333	Conocephalus
334	conqtier
335	conscience
336	conscionsness
337	consecutive
338	consequence
339	conservative
340	considerable
341	consignation
342	consistorial
343	console-table
344	consonantic
345	conspicuity
346	constablewick
347	constellation
348	constitution
349	constitutive
350	construction
351	consubstantiation
352	consulter
353	consumptive
354	contain
355	contemplate
356	contempt
357	content
358	conterminant
359	contexture
360	contmge
361	continuation
362	continuous
363	contraband
364	contract
365	contracture
366	contragredient
367	contrarious
368	contravene
369	contristate
370	controller
371	contumelious
372	convection
373	conventicle
374	conventual
375	converse
376	convert
377	convey
378	conviction
379	Convoluta
380	convulsionary
381	cook
382	coolness
383	coopt
384	coot
385	cope
386	coperon
387	copper
388	Coppinia
389	Coptocycla
390	copyhold
391	coracias
392	coral
393	Ooralliophila
394	Castle
395	cordage
396	cordite
397	core
398	coreplastic
399	Corinthian
400	corm
401	corn-ball
402	cornered
403	comice-plane
404	corn-salad
405	corolla
406	coronary
407	Coronulidae
408	corporative
409	corpse-sheet
410	rnlfridfip
411	corrective
412	correspond
413	corrivate
414	
415	corruptionist
416	corsive
417	coruscation
418	Corylus
419	Corystidae
420	cosmetic
421	cosmology
422	Cossus
423	cost-book
424	costoziphoid
425	cotelaine
426	cotset
427	cotton
428	cotton-waste
429	cotylophorous
430	coucliiiig
431	council
432	counsel
433	count
434	Frame
435	a
436	To
437	counterpane
438	counter-raguled
439	counter-trippant
440	country-dance
441	A
442	coupling
443	courant
444	coTirse
445	court
446	courter
447	court-rolls
448	couvre-nuque
449	covenant
450	cover
451	coverture
452	coward
453	cowheard
454	cowslipped
455	coy
456	crab
457	Cracidae
458	cracker
459	cradle
460	craggy
461	crammer
462	To
463	Craniidae
464	cranioscopy
465	crank
466	crape-cloth
467	Crassipedia
468	cravat
469	crayon
470	cream
471	creat
472	or
473	credit
474	credulity
475	creeper
476	Crenate
477	creosote
478	Heraldic
479	crest
480	crevassed
481	cribble
482	cricket-bird
483	crimiBal
484	crinal
485	crinoline
486	cnsp
487	and
488	croak
489	crocket
490	croft
491	crook
492	crop
493	croquette
494	cross
495	cross
496	cross-cut
497	amonp
498	cross-valve
499	crotchety
500	crouse
501	crowd
502	crown
503	crownation
504	To
505	decorated
506	cruel
507	crummy
508	cms
509	crusoile
510	The
511	cry
512	Cryptobranchus
513	Cryptonemiese
514	Crypturus
515	crystallize
516	Ctenodactylus
517	cub
518	cubicular
519	cucking-stool
520	Cucujus
521	cud
522	cuerpo
523	cul-de-lampe
524	culmen
525	cultivate
526	cultured
527	cumber
528	cumulative
529	cuniculus
530	cup
531	Cuphea
532	Cone
533	curate
534	Curculionids
535	curia
536	cnrl
537	currant
538	cnirent
539	curry-favel
540	cursively
541	cnrtain
542	curvature
543	curviserial
544	cusp
545	I
546	customs-duty
547	cut
548	cut-against
549	Cutleria
550	cutting
551	cutweed
552	Cyanocitta
553	Oybele
554	cycle
555	giffos
556	cyclopedic
557	cyclostome
558	Cygnus
559	cylindricule
560	Cymbulia
561	cynhyena
562	Cynoidea
563	cyperologist
564	Cyfirfna
565	cyprus-bird
566	Cyrtonyx
567	Cystococcus
568	cytisin
569	The
570	dabble
571	Dacnis
572	dactylology
573	daedalenchyma
574	dagger
575	dahablyeh
576	dainty
577	Coc
578	dal
579	damareteion
580	dame
581	damned
582	dams
583	dance
584	dandy
585	dangerous
586	Flowering
587	dardanimn
588	daringly
589	darkle
590	darning-needle
591	Hascillm
592	dasher-block
593	Dasyproctidae
594	date-mark
595	daub
596	dannton
597	dawkin
598	flay
599	day-long
600	de-
601	dead
602	deadhead
603	dead-splndle
604	deal
605	dean
606	dearth
607	death-bill
608	deawarren
609	debauch
610	debonairity
611	decacbord
612	Decandrous
613	decay
614	December
615	decephalize
616	decidedness
617	declmole
618	deck
619	declaration
620	declinate
621	declinometer
622	decomposition
623	decorously
624	decree
625	decry
626	decussation
627	de
628	deed
629	deep
630	deer-grass
631	defamatory
632	defeat
633	defend
634	defensive
635	deflbrinize
636	definite
637	deflect
638	deform
639	defrication
640	degenerately
641	ed
642	degree
643	dehydrater
644	deisticalness
645	delaine
646	delectate
647	delf
648	delicacy
649	grii
650	deliquate
651	deliver
652	delpMn
653	deltoid
654	delvauxene
655	demand
656	dement
657	demi-brassart
658	demise
659	democrat
660	demon
661	demonstrate
662	demulce
663	denarius
664	Dendrocoela
665	dendrologist
666	denigration
667	denotation
668	density
669	dented
670	dentition
671	J
672	depaint
673	department
674	depend
675	dephlegmedness
676	deploy
677	depose
678	depositor
679	depressed
680	depressed
681	depth
682	deputy
683	dere
684	derivation
685	Dermaptera
686	dermoossify
687	Derostomum
688	descend
689	descent
690	desecrate
691	desert-snake
692	Capable
693	desilverize
694	desk
695	Desmodontes
696	desolator
697	despatch
698	despisingly
699	despot
700	destine
701	destructibility
702	detach
703	detection
704	determinant
705	determinative
706	detersive
707	detraction
708	detum
709	deutoplasm
710	developable
711	deviator
712	devil
713	devil's-dust
714	devitrification
715	devotedness
716	devoutless
717	dew-worm
718	dey
719	diabetic
720	diacritical
721	diagonal
722	dial
723	dialing
724	diamagnetic
725	diamond-backed
726	Dianthus
727	diaphemetric
728	riiarian
729	diastole
730	diatribe
731	dicacity
732	dichlamydeons
733	dick
734	Dicranum
735	dictature
736	dictyoxylon
737	Didelphyidae
738	die
739	Ditrvitla
740	dietine
741	difference
742	differentiation
743	diffluent
744	diffusiometer
745	digenesis
746	digger
747	Dictate
748	dignity
749	dijudicate
750	dilatancy
751	dilettante
752	dilucidation
753	dime
754	dimmish
755	dimmish
756	Dinar
757	dingy
758	Skeleton
759	Diodon
760	diophthalmus
761	Diospyros
762	diphtheria
763	diplanetism
764	diploic
765	Diploptera
766	Dipodomys
767	Dipsacaceae
768	Dipterygll
769	direct
770	directory
771	dirt
772	disadvantage
773	disafforestment
774	dlsannuUer
775	disarray
776	disbarment
777	discard
778	discession
779	disciple
780	disclaim
781	discocarpous
782	discomfit
783	Discomycetes
784	discontinue
785	discordance
786	discouragement
787	discover
788	discrepant
789	discTunisating
790	discuss
791	disease
792	disemic
793	disentail
794	disfellowsUp
795	disgrace
796	disguisiness
797	disheart
798	dishonorer
799	disintegrative
800	disjointed
801	dislike
802	dismal
803	dismembrator
804	disoblige
805	disown
806	disparkle
807	dispensation
808	disperse
809	displacement
810	displeasingly
811	dispose
812	dispositor
813	disproportlonally
814	dispnte
815	disrank
816	disrupt
817	dissemble
818	dissentience
819	dissident
820	dissipative
821	dissolve
822	dissymmetry
823	I
824	distemperance
825	distichously
826	distinction
827	distinguishable
828	distractful
829	distress
830	distribntional
831	disturb
832	disvelop
833	ditionary
834	diuretic
835	dive
836	diverse
837	divertisement
838	divider
839	divlneness
840	division
841	divisor
842	dizzy
843	do
844	doab
845	docimastic
846	dock
847	doctorally
848	docnment
849	dodecastyle
850	doeskin
851	dog
852	dogger
853	dogmatical
854	dog-tooth
855	doldrums
856	Dolichonyx
857	dollar
858	doloriflc
859	Domboc
860	domesticate
861	dominate
862	dominion
863	donation
864	donnot
865	doom-palm
866	door-case
867	dopplerite
868	Doric
869	Common
870	dorsicollar
871	Dorylidae
872	dot
873	dote
874	double
875	donble-biting
876	double-qnick
877	doubloon
878	doubtfulness
879	dough-maker
880	dove
881	Barrel-end
882	down
883	downcome
884	downward
885	Of
886	draff-sack
887	draft
888	drag-bolt
889	dragonet
890	drain
891	drama
892	drappie
893	draw
894	draw
895	from
896	drawl
897	dreadful
898	dreamy
899	dree
900	drepanidiiun
901	dresser
902	driddle
903	drill
904	drill-rod
905	drip-pipe
906	drive-boat
907	droitural
908	Dromla
909	
910	
911	
912	THE
913	RcrcRci'
914	
