page	entries	image	volume	fix	misc
9	ABD	21	1		
10	ABDOMEN	22	1		
11	ABD-UL-AZIZ	23	1		
12	ABELARD	24	1		
13	ABERCROMBIE	25	1		
14	ABERDEENSHIRE	26	1		
15	ABERNETHY	27	1		
16	ABIES	28	1		
17		29	1		
18	ABRACADABRA	30	1		
19	ABRAHAM	31	1		
20	ABSCISSA	32	1		
21	ABSOLUTISM	33	1		
22		34	1		
23	ABYLA	35	1		
24		36	1		
25	ACACIA	37	1		
26		38	1		
27		39	1		
28		40	1		
29	ACARNANIA	41	1		
30	ACCEPTILATION	42	1		
31	ACCLIMATISATION	43	1		
32		44	1		
33	ACCUM	45	1		
34		46	1		
35	ACHILLES TENDON	47	1		
36	ACIDS	48	1		
37		49	1		
38	ACONITIN	50	1		
39		51	1		
40	ACRI	52	1		
41	ACROTERION	53	1		
42	ACTINIA	54	1		
43	ACTON	55	1		
44	ADALIA	56	1		
45		57	1		
46		58	1		
47	ADAM'S APPLE	59	1		
48		60	1		
49	ADAMS JOHN QUINCY	61	1		
50	ADANSON	62	1		
51	ADDISON	63	1		
52		64	1		
53	ADELAAR	65	1		
54		66	1		
55	ADHESION	67	1		
56	ADJUTANT	68	1		
57	ADMIRAL	69	1		
58	ADMIRALTY COURTS	70	1		
59	ADONIS	71	1		
60	ADRIAN	72	1		
61		73	1		
62	ADULTERATION	74	1		
63		75	1		
64		76	1		
65	ADVANCEMENT	77	1		
66		78	1		
67	ADVOCATES	79	1		
68	ADVOWSON	80	1		
69	AEGINETA	81	1		
70	AENEAS SILVIUS	82	1		
71	AERATED WATERS	83	1		
72		84	1		
73	AESCULAPIUS	85	1		
74		86	1		
75	AESTIVATION	87	1		
76	AFFILIATION	88	1		
77		89	1		
78		90	1		
79		91	1		
80	AFIUM-KARA-HISSAR	92	1		maps
81		97	1		
82		98	1		
83		99	1		
84		100	1		
85		101	1		
86		102	1		
87		103	1		
88		104	1		
89	AFRICANDER	105	1		
90	AGAR	106	1		
91	AGATHA	107	1		
92	AGE	108	1		
93	AGENT	109	1		
94	AGNES	110	1		
95	AGRAM	111	1		
96		112	1		
97	AGRICOLA	113	1		
98		114	1		
99		115	1		
100		116	1		
101		117	1		
102		118	1		
103		119	1		
104		120	1		
105	AGRIGENTUM	121	1		
106	AGTELEK	122	1		
107		123	1		
108	AIDE-DE-CAMP	124	1		
109	AILSA CRAIG	125	1		
110	AIR	126	1		
111	AIR-ENGINE	127	1		
112	AIR-GUN	128	1		
113	AIR-SACS	129	1		
114		130	1		
115	AJAX	131	1		
116	AKERS	132	1		
117		133	1		
118	ALABASTER	134	1		
119		135	1		
120	ALARM	136	1		
121	ALATERNUS	137	1		
122	ALBANIA	138	1		
123	ALBANY	139	1		
124	ALBAY	140	1		
125	ALBERT	141	1		
126		142	1		
127	ALBIGENSES	143	1		
128	ALBONI	144	1		
129	ALBUQUERQUE	145	1		
130	ALCANTARA	146	1		
131		147	1		
132	ALCIBIADES	148	1		
133	ALCMAN	149	1		
134		150	1		
135		151	1		
136		152	1		
137		153	1		
138	ALCYONIUM	154	1		
139	ALDEHYDE	155	1		
140	ALDERMAN	156	1		
141	ALDRED	157	1		
142	ALECSANDRI	158	1		
143	ALESHKI	159	1		
144	ALEXANDER	160	1		
145		161	1		
146		162	1		
147		163	1		
148		164	1		
149	ALEXANDERS	165	1		
150		166	1		
151	ALEXANDRIA	167	1		
152	ALEXANDROV	168	1		
153	ALFONSO	169	1		
154	ALFRED	170	1		
155		171	1		
156		172	1		
157	ALGARDI	173	1		
158	ALGECIRAS	174	1		
159		175	1		
160	ALGHERO	176	1		
161	ALGOA BAY	177	1		
162	ALI	178	1		
163	ALICE-MAUD-MARY	179	1		
164	ALIMENTARY CANAL	180	1		
165	ALIZARIN	181	1		
166	ALKALOIDS	182	1		
167	ALKANNA	183	1		
168	ALLANTOIS	184	1		
169	ALLEGIANCE	185	1		
170	ALLEGRO	186	1		
171	ALLENTOWN	187	1		
172	ALLIGATOR	188	1		
173	ALLIUM	189	1		
174	ALLOPATHY	190	1		
175	ALLOTROPY	191	1		
176	ALLOY	192	1		
177		193	1		
178	ALMACKS	194	1		
179		195	1		
180	ALMANSA	196	1		
181	ALMODOVAR DEL CAMPO	197	1		
182	ALMONDBURY	198	1		
183	ALMUG TREE	199	1		
184	ALOYSIA	200	1		
185	ALPHABET	201	1		
186		202	1		
187		203	1		
188		204	1		
189		205	1		
190		206	1		
191	ALPHEUS	207	1		
192	ALPINE CLUB	208	1		
193	ALPINE PLANTS	209	1		
194		210	1		
195		211	1		
196	ALPS	212	1		
197		213	1		
198	ALTAMURA	214	1		
199		215	1		
200		216	1		
201	ALUM-BAGH	217	1		
202	ALUMINIUM	218	1		
203		219	1		
204		220	1		
205	AMALGAM	221	1		
206	AMARAPURA	222	1		
207		223	1		
208	AMAZON	224	1		
209	AMBALA	225	1		
210	AMBERG	226	1		
211	AMBOISE	227	1		
212	AMBRY	228	1		
213	AMEER	229	1		
214	AMERICA	230	1		
215		231	1		
216		232	1		maps
217		237	1		
218		238	1		
219		239	1		
220		240	1		
221		241	1		
222		242	1		
223		243	1		
224	AMERICAN BLIGHT	244	1		maps
225		249	1		
226	AMERICAN INDIANS	250	1		
227		251	1		
228		252	1		
229		253	1		
230	AMINES	254	1		
231	AMMONIA	255	1		
232	AMMONIUM	256	1		
233	AMOEBA	257	1		
234		258	1		
235		259	1		
236		260	1		
237	AMPHIBOLE	261	1		
238	AMPHIPODS	262	1		
239	AMPHITRYON	263	1		
240	AMRITSAR	264	1		
241	AMSTERDAM	265	1		
242		266	1		
243	ANABAPTISTS	267	1		
244		268	1		
245	ANACYCLUS	269	1		
246	ANAESTHESIA	270	1		
247	ANAHUAC	271	1		
248		272	1		
249		273	1		
250		274	1		
251	ANALYST	275	1		
252	ANAM	276	1		
253	ANATHEMA	277	1		
254		278	1		
255	ANATOMY	279	1		
256		280	1		
257	ANCHITHERIUM	281	1		
258	ANCHOR	282	1		
259	ANCHOVY PEAR	283	1		
260	ANDALUSITE	284	1		
261	ANDERSON	285	1		
262	ANDERSON	286	1		
263		287	1		
264	ANDOVER	288	1		
265	ANDREA	289	1		
266	ANDREWS	290	1		
267	ANDUJAR	291	1		
268		292	1		
269	ANEMONE	293	1		
270		294	1		
271	ANGEL	295	1		
272		296	1		
273	ANGER	297	1		
274	ANGIOSPERMS	298	1		
275	ANGLESEY	299	1		
276		300	1		
277		301	1		
278		302	1		
279	ANGLO-CATHOLIC	303	1		
280	ANGOLA	304	1		
281	ANGOSTURA BARK	305	1		
282	ANGUILLA	306	1		
283	ANILINE	307	1		
284	ANIMAL CHEMISTRY	308	1		
285	ANIMAL HEAT	309	1		
286	ANIMAL KINGDOM	310	1		
287	ANIMALS	311	1		
288		312	1		
289	ANIMA MUNDI	313	1		
290	ANIO	314	1		
291	ANKYLOSIS	315	1		
292		316	1		
293	ANNAMABOE	317	1		
294	ANNE BOLEYN	318	1		
295	ANNECY	319	1		
296	ANNUALS	320	1		
297		321	1		
298	ANNUITY-TAX	322	1		
299	ANOPLOTHERIUM	323	1		
300	ANSELM	324	1		
301	ANSTRUTHER	325	1		
302		326	1		
303		327	1		
304	ANTACIDS	328	1		
305	ANT-EATERS	329	1		
306	ANTEDILUVIAN	330	1		
307		331	1		
308	ANTHOLOGY	332	1		
309		333	1		
310	ANTHROPOID APES	334	1		
311		335	1		
312		336	1		
313	ANTHROPOLOGY	337	1		
314	ANTHROPOMORPHISM	338	1		
315	ANTICLIMAX	339	1		
316		340	1		
317		341	1		
318	ANTIOCHUS	342	1		
319	ANTIPERIODICS	343	1		
320	ANTIPYRIN	344	1		
321	ANTISEPTICS	345	1		
322	ANTISPASMODICS	346	1		
323	ANTOFAGASTA	347	1		
324	ANTONINUS	348	1		
325	ANTONY	349	1		
326	ANT-THRUSH	350	1		
327		351	1		
328	AORTA	352	1		
329	APE	353	1		
330	APENRADE	354	1		
331		355	1		
332	APHIDES	356	1		
333	APHRODITE	357	1		
334		358	1		
335	APOCRYPHA	359	1		
336		360	1		
337	APOLLODORUS	361	1		
338		362	1		
339	APOLOGUE	363	1		
340	A POSTERIORI	364	1		
341	APOSTOLICAL SUCCESSION	365	1		
342	APOTHECARY	366	1		
343	APPALACHIANS	367	1		
344		368	1		
345	APPARITIONS	369	1		
346		370	1		
347	APPENDICITIS	371	1		
348	APPIAN	372	1		
349	APPLE	373	1		
350	APPOINTMENT	374	1		
351	APPRENTICE	375	1		
352		376	1		
353	APRIL	377	1		
354	APSE	378	1		
355	APULEIUS	379	1		
356	AQUARIUS	380	1		
357	AQUATIC ANIMALS	381	1		
358	AQUATINT	382	1		
359		383	1		
360	AQUEOUS HUMOUR	384	1		
361	AQUITANIA	385	1		
362		386	1		
363		387	1		
364	ARABIAN ARCHITECTURE	388	1		
365		389	1		
366		390	1		
367	ARABIAN LANGUAGE	391	1		
368	ARABIAN NIGHTS	392	1		
369	ARACHNOID MEMBRANE	393	1		
370	ARAGON	394	1		
371	ARALIA	395	1		
372	ARAN	396	1		
373	ARAS	397	1		
374	ARAURE	398	1		
375		399	1		
376	ARBITRATION	400	1		
377		401	1		
378	ARBOR VITAE	402	1		
379	ARBUTUS	403	1		
380	ARCANI DISCIPLINA	404	1		
381	ARCH	405	1		
382	ARCHAEAN SYSTEM	406	1		
383		407	1		
384		408	1		
385	ARCHAEOPTERYX	409	1		
386	ARCHBISHOP	410	1		
387	ARCHDUKE	411	1		
388	ARCHER FISH	412	1		
389	ARCHERY	413	1		
390	ARCHILOCHUS	414	1		
391	ARCHIMEDES' SCREW	415	1		
392	ARCHITECTURE	416	1		
393		417	1		
394		418	1		
395	ARCHITRAVE	419	1		
396	ARCOT	420	1		
397	ARCTIUM	421	1		
398	ARDENNES	422	1		
399		423	1		
400	ARETINO	424	1		
401		425	1		
402		426	1		
403	ARGES	427	1		
404		428	1		
405	ARGOS	429	1		
406	ARGYLL	430	1		
407	ARGYROKASTRON	431	1		
408	ARIEGE	432	1		
409	ARIOVISTUS	433	1		
410	ARISTOBULUS	434	1		
411		435	1		
412	ARISTOTELIA	436	1		
413		437	1		
414		438	1		
415	ARISTOTLE'S LANTERN	439	1		
416	ARIUS	440	1		
417	ARIZONA	441	1		
418	ARK	442	1		
419	ARKANSAS RIVER	443	1		
420	ARLES	444	1		
421	ARM	445	1		
422	ARMADILLO	446	1		
423	ARMAGH	447	1		
424		448	1		
425		449	1		
426	ARMENTIERES	450	1		
427	ARMILLARY SPHERE	451	1		
428	ARMINIUS	452	1		
429		453	1		
430	ARMOUR	454	1		
431	ARMSTRONG	455	1		
432		456	1		
433		457	1		
434		458	1		
435		459	1		
436		460	1		
437		461	1		
438		462	1		
439	ARMY-WORM	463	1		
440	ARNAULD	464	1		
441	ARNDT	465	1		
442		466	1		
443		467	1		
444	ARNOLD	468	1		
445	ARNSTADT	469	1		
446	AROMATIC VINEGAR	470	1		
447	ARRACAN	471	1		
448	ARRANGING	472	1		
449	ARRESTMENT	473	1		
450	ARRONDISSEMENT	474	1		
451	ARROWSMITH	475	1		
452		476	1		
453	ARSINOE	477	1		
454		478	1		
455		479	1		
456		480	1		
457		481	1		
458	ARTABAZUS	482	1		
459		483	1		
460	ARTERIOTOMY	484	1		
461	ARTESIAN WELLS	485	1		
462		486	1		
463	ARTHUR	487	1		
464		488	1		
465	ARTICULATA	489	1		
466		490	1		
467	ARTIFICIAL LIMBS	491	1		
468	ARTILLERY	492	1		
469		493	1		
470		494	1		
471	ARUNDEL	495	1		
472		496	1		
473	AS	497	1		
474	ASBEN	498	1		
475	ASBURY	499	1		
476		500	1		
477	ASCH	501	1		
478		502	1		
479	ASCLEPI ADAGES	503	1		
480		504	1		
481		505	1		
482	ASHBORNE	506	1		
483	ASHFORD	507	1		
484	ASIA	508	1		
485		509	1		
486		510	1		
487		511	1		
488		512	1		maps
489		517	1		
490		518	1		
491		519	1		
492		520	1		
493		521	1		
494		522	1		
495		523	1		
496	ASIA MINOR	524	1		
497		525	1		
498	ASKJA	526	1		
499	ASPARAGUS STONE	527	1		
500	ASPERGILLUM	528	1		
501	ASPHYXIA	529	1		
502		530	1		
503	ASSAB BAY	531	1		
504		532	1		
505	ASSAYE	533	1		
506		534	1		
507		535	1		
508	ASSER	536	1		
509	ASSIGNATS	537	1		
510		538	1		
511	ASSMANNSHAUSEN	539	1		
512		540	1		
513	ASSOCIATION OF IDEAS	541	1		
514	ASSOS	542	1		
515		543	1		
516		544	1		
517		545	1		
518		546	1		
519		547	1		
520	ASTACUS	548	1		
521	ASTATIC	549	1		
522	ASTI	550	1		
523	ASTORIA	551	1		
524		552	1		
525	ASTROLOGY	553	1		
526		554	1		
527		555	1		
528		556	1		
529	ASTRUC	557	1		
530	ASTUR	558	1		
531	ATAHUALPA	559	1		
532	ATCHISON	560	1		
533	ATHALIAH	561	1		
534	ATHANASIUS	562	1		
535	ATHELING	563	1		
536	ATHENAEUM	564	1		
537		565	1		
538		566	1		
539		567	1		
540	ATHERFIELD CLAY	568	1		
541		569	1		
542	ATHLETIC SPORTS	570	1		
543	ATHOLE	571	1		
544		572	1		maps
545	ATLANTIC TELEGRAPH	575	1		
546	ATLANTOSAURUS	576	1		
547		577	1		
548		578	1		
549	ATMOSPHERIC ELECTRICITY	579	1		
550		580	1		
551		581	1		
552		582	1		
553	ATOMIC VOLUMES	583	1		
554		584	1		
555		585	1		
556		586	1		
557	ATRAULI	587	1		
558	ATTACHMENT	588	1		
559	ATTAINDER	589	1		
560	ATTESTATION	590	1		
561	ATTILA	591	1		
562	ATTORNEY	592	1		
563	ATTRACTION	593	1		
564	AUBENAS	594	1		
565	AUCKLAND	595	1		
566	AUCTIONEER	596	1		
567	AUDH	597	1		
568	AUENBRUGGER	598	1		
569	AUGEAS	599	1		
570	AUGSBURG	600	1		
571	AUGSBURG INTERIM	601	1		
572	AUGURIES	602	1		
573	AUGUSTENBURG	603	1		
574		604	1		
575	AUGUSTINIANS	605	1		
576		606	1		
577	AUGUSTUS	607	1		
578	AULAPOLAI	608	1		
579	AURANTIACEA	609	1		
580		610	1		
581	AUREOLE	611	1		
582	AUROCHS	612	1		
583		613	1		
584	AURUNGABAD	614	1		
585	AUSPICES	615	1		
586	AUSTIN	616	1		
587		617	1		
588		618	1		maps
589		623	1		
590		624	1		
591		625	1		
592		626	1		
593		627	1		
594		628	1		
595	AUSTRASIA	629	1		
596		630	1		maps
597		633	1		
598		634	1		
599		635	1		
600		636	1		
601		637	1		
602		638	1		
603		639	1		
604		640	1		
605	AUTEUIL	641	1		
606	AUTOGRAPH	642	1		
607	AUTOMATON	643	1		
608	AUTUMN	644	1		
609	AVALANCHES	645	1		
610		646	1		
611	AVERAGE	647	1		
612	AVERSA	648	1		
613	AVICULA	649	1		
614	AVOCADO PEAK	650	1		
615	AVONMOUTH	651	1		
616	AXEL	652	1		
617	AXIS	653	1		
618	AYE-AYE	654	1		
619	AYMON	655	1		
620	AYRER	656	1		
621		657	1		
622	AZERBIJAN	658	1		
623	AZOTUS	659	1		
624		660	1		
625		661	1		
626	BAALBEK	662	1		
627	BABA	663	1		
628		664	1		
629	BABOO	665	1		
630	BABOON	666	1		
631	BABY	667	1		
632		668	1		
633		669	1		
634		670	1		
635		671	1		
636		672	1		
637		673	1		
638		674	1		
639	BACH	675	1		
640	BACHE	676	1		
641	BACKHUYSEN	677	1		
642		678	1		
643		679	1		
644		680	1		
645	BACON JOHN	681	1		
646		682	1		
647		683	1		
648		684	1		
649		685	1		
650	BACTRIA	686	1		
651	BADALONA	687	1		
652	BADEN	688	1		
653	BADGE	689	1		
654	BADGER DOG	690	1		
655	BAEZA	691	1		
656	BAGEHOT	692	1		
657	BAGIMONT S ROLL	693	1		
658		694	1		
659	BAGRATIDAE	695	1		
660	BAHIA	696	1		
661	BAIKAL	697	1		
662	BAILEY	698	1		
663	BAILIWICK	699	1		
664		700	1		
665	BAILY S BEADS	701	1		
666	BAIRD	702	1		
667	BAJIMONT	703	1		
668	BAKER	704	1		
669	BAKUNIN	705	1		
670	BALAENOPTERA	706	1		
671		707	1		
672	BALANCE OF POWER	708	1		
673	BALANOGLOSSUS	709	1		
674	BALBOA	710	1		
675	BALDNESS	711	1		
676	BALEARIC ISLES	712	1		
677		713	1		
678	BALIZE	714	1		
679	BALKH	715	1		
680	BALLABGARH	716	1		
681		717	1		
682		718	1		
683		719	1		
684	BALLANTINE	720	1		
685		721	1		
686	BALL-FLOWER	722	1		
687		723	1		
688		724	1		
689		725	1		
690	BALLOT	726	1		
691		727	1		
692	BALSAM	728	1		
693	BALTIC SEA	729	1		
694	BALTIMORE	730	1		
695	BALTJIK	731	1		
696	BAMBINO	732	1		
697	BAMBOROUGH CASTLE	733	1		
698	BAN	734	1		
699	BANAS	735	1		
700	BANCROFT	736	1		
701	BAND	737	1		
702		738	1		
703	BANDA ISLES	739	1		
704	BANDICOOT	740	1		
705		741	1		
706	BANGOR	742	1		
707	BANIAN DAYS	743	1		
708		744	1		
709		745	1		
710		746	1		
711		747	1		
712		748	1		
713		749	1		
714	BANK-NOTES	750	1		
715		751	1		
716		752	1		
717	BANKS	753	1		
718		754	1		
719	BANNOCK	755	1		
720	BANSWARA	756	1		
721	BANYULS-SUR-MER	757	1		
722		758	1		
723		759	1		
724	BAPTISTERY	760	1		
725		761	1		
726	BAR	762	1		
727		763	1		
728	BARBARY APE	764	1		
729		765	1		
730	BARBERTON	766	1		
731		767	1		
732		768	1		
733	BARCLAY	769	1		
734	BARCLAY DE TOLLY	770	1		
735		771	1		
736	BARETTI	772	1		
737	BARGE-BOARD	773	1		
738	BARING-GOULD	774	1		
739		775	1		
740	BARK	776	1		
741	BARKER	777	1		
742	BARKING	778	1		
743		779	1		
744	BARLEYCORN	780	1		
745	BARMOUTH	781	1		
746	BARNACLE GOOSE	782	1		
747		783	1		
748	BARNET	784	1		
749	BARNUM	785	1		
750		786	1		
751		787	1		
752	BAROMETER	788	1		
753		789	1		
754	BARONET	790	1		
755	BARON OF BEEF	791	1		
756	BARRACKS	792	1		
757	BARRATRY	793	1		
758	BARRIE	794	1		
759	BARRINGTONIACEAE	795	1		
760	BARROS	796	1		
761		797	1		
762	BARROW	798	1		
763		799	1		
764	BARTH	800	1		
765	BARTHOLDI	801	1		
766	BARTHOLOMEWS	802	1		
767		803	1		
768	BARYTON	804	1		
769	BASE	805	1		
770	BASEDOW	806	1		
771		807	1		
772	BASE-LINE	808	1		
773	BASIL	809	1		
774	BASILICA	810	1		
775	BASIM	811	1		
776	BASLE	812	1		
777		813	1		
778		814	1		
779		815	1		
780		816	1		
781	BASRA	817	1		
782		818	1		
783	BASSET	819	1		
784	BASS STRAIT	820	1		
785	BASTARD	821	1		
786	BASTIAN	822	1		
787	BASTINADO	823	1		
788	BAT	824	1		
789		825	1		
790		826	1		
791	BATAVIA	827	1		
792		828	1		
793		829	1		
794		830	1		
795	BATH-BRICK	831	1		
796	BATHYMETRY	832	1		
797		833	1		
798	BATTER	834	1		
799		835	1		
800	BATTLE-AXE	836	1		
801	BATURIN	837	1		
802		838	1		
803		839	1		
804	BAVARIA	840	1		
805	BAXTER	841	1		
806	BAYADERES	842	1		
807		843	1		
808	BAY ISLANDS	844	1		
809	BAYLY	845	1		
810	BAYONNE	846	1		
811		847	1		
812	BEACHY HEAD	848	1		
813		849	1		
814	BEACONSFIELD	850	1		
815	BEADS	851	1		
816	BEAM-TREE	852	1		
817	BEAN GOOSE	853	1		
818	BEAR	854	1		
819	BEARBERRY	855	1		
820	BEARD	856	1		
821		857	1		
822	BEAST-FABLES	858	1		
823	BEATON	859	1		
824	BEAUCLERK	860	1		
1		9	2		
2	BEAUJOLAIS	10	2		
3		11	2		
4	BEAUREGARD	12	2		
5		13	2		
6		14	2		
7	BEBEL	15	2		
8	BECKER	16	2		
9		17	2		
10	BECKMANN	18	2		
11		19	2		
12	BEDARIEUX	20	2		
13	BEDDOES	21	2		
14		22	2		
15		23	2		
16	BEDNOR	24	2		
17	BEDSTRAW	25	2		
18		26	2		
19		27	2		
20		28	2		
21		29	2		
22		30	2		
23		31	2		
24		32	2		
25		33	2		
26		34	2		
27		35	2		
28		36	2		
29	BEEBERU	37	2		
30	BEECH	38	2		
31		39	2		
32	BEECHEY	40	2		
33	BEEF-WOOD	41	2		
34		42	2		
35		43	2		
36		44	2		
37	BEER-MONEY	45	2		
38	BEERSHEBA	46	2		
39	BEET-FLY	47	2		
40		48	2		
41	BEETHOVEN	49	2		
42	BEET-ROOT SUGAR	50	2		
43	BEG-SHEHR	51	2		
44	BEHAR	52	2		
45	BEHRING STRAIT	53	2		
46		54	2		
47	BELFAST	55	2		
48	BELGE	56	2		maps
49		59	2		
50	BELGIUM	60	2		
51		61	2		
52	BELGIUM	62	2		
53	BELGRAVIA	63	2		
54	BELIZE	64	2		
55		65	2		
56		66	2		newspaper
57		69	2		
58		70	2		
59	BELLA	71	2		
60	BELLADONNA LILY	72	2		
61		73	2		
62	BELLEROPHON	74	2		
63	BELLINZONA	75	2		
64	BELONE	76	2		
65	BELTS AND BELTING	77	2		
66		78	2		
67		79	2		
68	BEMBRIDGE BEDS	80	2		
69		81	2		
70	BEND	82	2		
71		83	2		
72	BENEDICT	84	2		
73	BENEDICTINES	85	2		
74	BENEDICTUS	86	2		
75		87	2		
76	BENFEY	88	2		
77		89	2		
78	BENGALI LANGUAGE	90	2		
79	BENIN	91	2		
80	BEN MACDHUI	92	2		
81	BENSHIE	93	2		
82	BENTHAMIA	94	2		
83	BENTLEY	95	2		
84	BENZENE	96	2		
85	BENZOYL	97	2		
86		98	2		
87	BERAT	99	2		
88	BERCHTESGADEN	100	2		
89	BERENICE	101	2		
90	BERGAMO	102	2		
91	BERGERAC	103	2		
92		104	2		
93	BERKELEY	105	2		
94	BERKOVITZA	106	2		
95		107	2		
96	BERLIN	108	2		
97	BERMONDSEY	109	2		
98	BERMUDEZ	110	2		
99	BERNARD	111	2		
100	BERNAYS	112	2		
101	BERNOULLI	113	2		
102	BERRI	114	2		
103	BERTHA	115	2		
104	BERVIE	116	2		
105	BERYL	117	2		
106	BESANTS	118	2		
107		119	2		
108	BETHANY	120	2		
109	BETHLEHEM	121	2		
110	BETTIA	122	2		
111	BETTWS-Y-CUED	123	2		
112	BEVELAND	124	2		
113	BEX	125	2		
114	BHAGALPUR	126	2		
115	BHAGALPUR	127	2		
116	BHATGAON	128	2		
117	BIANCONI	129	2		
118		130	2		
119		131	2		
120		132	2		
121		133	2		
122		134	2		
123		135	2		
124		136	2		
125		137	2		
126		138	2		
127		139	2		
128		140	2		
129	BIBLE CHRISTIANS	141	2		
130	BIBLIA PAUPERUM	142	2		
131		143	2		
132		144	2		
133	BIBLIOGRAPHY	145	2		
134	BIBRA	146	2		
135	BIDASSOA	147	2		
136	BIEBRICH	148	2		
137	BIERSTADT	149	2		
138		150	2		
139	BILBERRY	151	2		
140	BILHARZIA	152	2		
141		153	2		
142		154	2		
143		155	2		
144		156	2		
145	BILLAUD-VARENNE	157	2		
146		158	2		
147	BILLINGS	159	2		
148	BIMBIA	160	2		
149		161	2		
150	BINEARY THEORY	162	2		
151	BINGHAMTON	163	2		
152		164	2		
153		165	2		
154		166	2		
155	BIOLOGY	167	2		
156		168	2		
157		169	2		
158		170	2		
159		171	2		
160		172	2		
161		173	2		
162	BION	174	2		
163	BIRCH	175	2		
164	BIRCH-PFEIFFER	176	2		
165		177	2		
166		178	2		
167		179	2		
168		180	2		
169		181	2		
170		182	2		
171		183	2		
172		184	2		
173		185	2		
174		186	2		
175	BIRD-CATCHING SPIDER	187	2		
176		188	2		
177	BIRD'S-EYE LIMESTONE	189	2		
178	BIRDS-NEST	190	2		
179	BIRKET-EL-HADJI	191	2		
180	BIRMINGHAM	192	2		
181	BIRTH	193	2		
182	BISCHWEILER	194	2		
183		195	2		
184		196	2		
185		197	2		
186	BISHOP-AUCKLAND	198	2		
187	BISMARCK-SCHONHAUSEN	199	2		
188		200	2		
189	BISMUTH	201	2		
190	BISSAGOS ISLANDS	202	2		
191	BITTERN	203	2		
192	BITTER VETCH	204	2		
193		205	2		
194	BIVALVES	206	2		
195		207	2		
196	BLACK	208	2		
197	BLACK-BAND IRONSTONE	209	2		
198	BLACKBURN	210	2		
199	BLACKCOCK	211	2		
200	BLACK DRAUGHT	212	2		
201	BLACK HAW	213	2		
202	BLACK LEG	214	2		
203		215	2		
204	BLACK ROD	216	2		
205	BLACKTHORN	217	2		
206	BLACKWATER	218	2		
207	BLADDER CAMPION	219	2		
208	BLADDERWORT	220	2		
209	BLAKE	221	2		
210	BLANC	222	2		
211		223	2		
212	BLANKETS	224	2		
213	BLANQUI	225	2		
214		226	2		
215	BLASTING	227	2		
216		228	2		
217		229	2		
218	BLEACHING	230	2		
219	BLEACHING POWDER	231	2		
220		232	2		
221	BLEEDING	233	2		
222	BLEIBERG	234	2		
223	BLESSING	235	2		
224	BLIGHIA	236	2		
225		237	2		
226		238	2		
227		239	2		
228		240	2		
229		241	2		
230	BLIND FISH	242	2		
231		243	2		
232	BLIZZARD	244	2		
233	BLOCK	245	2		
234	BLOCKHOUSE	246	2		
235	BLONDIN	247	2		
236	BLOOD	248	2		
237		249	2		
238	BLOOD-STAINS	250	2		
239	BLOOMERY	251	2		
240		252	2		
241		253	2		
242	BLOWING-MACHINES	254	2		
243	BLOWPIPE	255	2		
244	BLUE	256	2		
245	BLUE-BELL	257	2		
246	BLUE-BOTTLE	258	2		
247	BLUE PILL	259	2		
248	BLUMENBACH	260	2		
249	BOA	261	2		
250	BOAR	262	2		
251		263	2		
252		264	2		
253	BOATBILL	265	2		
254		266	2		
255	BOAT-RACING	267	2		
256	BOBRUISK	268	2		
257	BOCCAGE	269	2		
258		270	2		
259	BODLEY	271	2		
260	BOECE	272	2		
261	BOEHMERIA	273	2		
262		274	2		
263	BOG	275	2		
264	BOGERMANN	276	2		
265	BOGOTA	277	2		
266	BOGUE	278	2		
267		279	2		
268	BOHEMIAN BRETHEN	280	2		
269	BOHME	281	2		
270	BOILEAU	282	2		
271		283	2		
272	BOILER	284	2		
273		285	2		
274	BOISSEREE	286	2		
275	BOKHARA	287	2		
276		288	2		
277	BOLGARY	289	2		
278	BOLIVAR	290	2		
279		291	2		
280	BOLKHOV	292	2		
281	BOLOGNA	293	2		
282	BOLSENA	294	2		
283	BOMBARDMENT	295	2		
284		296	2		
285	BOMBAY DUCK	297	2		
286	BONAIRE	298	2		
287		299	2		
288		300	2		
289	BONAR	301	2		
290		302	2		
291	BONDAGER	303	2		
292		304	2		
293	BONE	305	2		
294	BONER	306	2		
295	BONGARDIA	307	2		
296	BONIFACIO	308	2		
297	BONIVARD	309	2		
298	BONNET	310	2		
299	BONOMI	311	2		
300	BONZE	312	2		
301		313	2		
302		314	2		
303		315	2		
304	BOOKBINDING	316	2		
305		317	2		
306	BOOK-CLUB	318	2		
307		319	2		
308		320	2		
309	BOOK-LICE	321	2		
310	BOOK-TRADE	322	2		
311		323	2		
312		324	2		
313		325	2		
314		326	2		
315		327	2		
316		328	2		
317	BOOKWORM	329	2		
318		330	2		
319	BOOTAN	331	2		
320	BOOTH	332	2		
321		333	2		
322	BOOTY	334	2		
323	BORAGE	335	2		
324	BORDA	336	2		
325	BORDELAIS	337	2		
326		338	2		
327		339	2		
328	BORDER-WARRANT	340	2		
329	BORGERHOUT	341	2		
330		342	2		
331	BORING	343	2		
332		344	2		
333		345	2		
334	BORNEO	346	2		
335	BORO BUDOR	347	2		
336		348	2		
337		349	2		
338		350	2		
339	BOROUGH	351	2		
340	BOROVITCHI	352	2		
341	BORROWDALE	353	2		
342	BOSJESMAN	354	2		
343	BOSS	355	2		
344		356	2		
345		357	2		
346	BOSTON	358	2		
347	BOSWELL	359	2		
348	BOT	360	2		
349	BOT	361	2		
350	BOTANOMANCY	362	2		
351		363	2		
352		364	2		
353		365	2		
354		366	2		
355	BOTANY BAY	367	2		
356	BOTHRIOCEPHALUS	368	2		
357	BOTOSHANI	369	2		
358	BOTTIGER	370	2		
359	BOTTOMRY	371	2		
360	BOUCICAULT	372	2		
361	BOUGH	373	2		
362	BOUILLY	374	2		
363	BOULDERS	375	2		
364	BOULOGNE-SUR-MER	376	2		
365	BOUNDING CHARTER	377	2		
366	BOUNTY	378	2		
367		379	2		
368	BOURBON	380	2		
369	BOURGES	381	2		
370	BOURNE	382	2		
371	BOUVARDIA	383	2		
372	BOWDLER	384	2		
373	BOWIE-KNIFE	385	2		
374	BOWLS	386	2		
375	BOWSPRIT	387	2		
376	BOYACA	388	2		
377	BOYER	389	2		
378	BOYLE	390	2		
379	BOZZARIS	391	2		
380	BRACES	392	2		
381	BRACHIOPODA	393	2		
382	BRACKET	394	2		
383		395	2		
384	BRADFORD-ON-AVON	396	2		
385	BRADSHAW'S RAILWAY GUIDE	397	2		
386		398	2		
387	BRAHMAN	399	2		
388	BRAHMS	400	2		
389		401	2		
390		402	2		
391		403	2		
392		404	2		
393		405	2		
394	BRAIN-CORAL	406	2		
395	BRAKES	407	2		
396	BRAMBANAN	408	2		
397		409	2		
398	BRANCHIAE	410	2		
399	BRANDING	411	2		
400		412	2		
401	BRANT	413	2		
402	BRASS	414	2		
403	BRASS ESTUARY	415	2		
404	BRAVURA	416	2		
405		417	2		
406		418	2		
407	BRAZIL	419	2		
408	BRAZIL-WOOD	420	2		
409	BREACH	421	2		
410		422	2		
411		423	2		
412	BREADALBANE	424	2		
413	BREADTH	425	2		
414		426	2		
415	BREAKWATER	427	2		
416	BREASTS	428	2		
417	BRECCIA	429	2		
418	BREE	430	2		
419		431	2		
420	BREECH-LOADING	432	2		
421	BREED	433	2		
422	BREHON LAWS	434	2		
423	BREMER	435	2		
424	BRENNUS	436	2		
425	BRESCIA	437	2		
426	BREST LITOVSK	438	2		
427	BRETWALDA	439	2		
428	BREVET	440	2		
429		441	2		
430	BREVIARY	442	2		
431	BREWING	443	2		
432	BRIAR-ROOT	444	2		
433		445	2		
434	BRICKLAYING	446	2		
435	BRIDE	447	2		
436		448	2		
437		449	2		
438		450	2		
439		451	2		
440		452	2		
441		453	2		
442		454	2		
443		455	2		
444		456	2		
445		457	2		
446		458	2		
447	BRIDGE-HEAD	459	2		
448	BRIDGENORTH	460	2		
449	BRIDGEWATER	461	2		
450	BRIDGWATER	462	2		
451	BRIENNE-LE-CHATEAU	463	2		
452	BRIENZ	464	2		
453	BRIGANTES	465	2		
454	BRIGHT	466	2		
455	BRIGHT'S DISEASE	467	2		
456	BRINE-SHRIMP	468	2		
457	BRIQUETTE	469	2		
458	BRISSOT	470	2		
459	BRISTOL	471	2		
460	BRISURE	472	2		
461	BRITANNIA TUBULAR BRIDGE	473	2		
462		474	2		
463		475	2		
464	BRITISH MUSEUM	476	2		
465		477	2		
466	BRITTLE-STARS	478	2		
467	BRITTON	479	2		
468	BROADSIDE	480	2		
469	BROCAGE BONDS	481	2		
470	BROCHS	482	2		
471	BROCKRAM	483	2		
472	BROKE	484	2		
473	BROKER	485	2		
474	BROMIC ACID	486	2		
475	BROMSEBRO	487	2		
476	BRONGNIART	488	2		
477	BRONZE	489	2		
478	BRONZE-WING	490	2		
479	BROOCH	491	2		
480	BROOKE	492	2		
481	BROOKLYN	493	2		
482	BROOM	494	2		
483	BROTHELS	495	2		
484	BROUGHAM	496	2		
485	BROUSSAIS	497	2		
486		498	2		
487		499	2		
488		500	2		
489	BROWN COAL	501	2		
490		502	2		
491	BROWNE	503	2		
492		504	2		
493	BROWNISTS	505	2		
494		506	2		
495	BRUCE	507	2		
496	BRUCK	508	2		
497	BRUISE	509	2		
498	BRUNAI	510	2		
499	BRUNELLESCHI	511	2		
500	BRUNO	512	2		
501	BRUNSWICK	513	2		
502	BRUSHES	514	2		
503	BRUSSELS	515	2		
504	BRUT	516	2		
505		517	2		
506	BRYOPHYLLUM	518	2		
507	BUCCARI	519	2		
508	BUCHAN	520	2		
509		521	2		
510	BUCHANITES	522	2		
511	BUCK-EYE	523	2		
512	BUCKINGHAMSHIRE	524	2		
513	BUCKLES	525	2		
514	BUCKU	526	2		
515		527	2		
516	BUDAEUS	528	2		
517		529	2		
518		530	2		
519		531	2		
520		532	2		
521		533	2		
522	BUDDING	534	2		
523	BUDE	535	2		
524	BUENOS AYRES	536	2		
525		537	2		
526	BUFF LEATHER	538	2		
527	BUG	539	2		
528	BUGLE	540	2		
529	BUHRSTONE	541	2		
530	BUILDING	542	2		
531		543	2		
532	BUILDING SOCIETIES	544	2		
533	BUILDING STONE	545	2		
534		546	2		
535	BULBUL	547	2		
536		548	2		
537	BULGARIN	549	2		
538		550	2		
539	BULLA	551	2		
540	BULLER	552	2		
541	BULL-FIGHT	553	2		
542		554	2		
543	BULLOCK'S HEART	555	2		
544	BULRUSH	556	2		
545	BUNCRANA	557	2		
546	BUNSEN	558	2		
547	BUNSEN BURNER	559	2		
548	BUNTING	560	2		
549		561	2		
550	BUOYANCY	562	2		
551	BURCKHARDT	563	2		
552	BURDETT	564	2		
553	BURGAS	565	2		
554	BURGH	566	2		
555	BURGLEN	567	2		
556	BURGOYNE	568	2		
557	BURGUNDY WINES	569	2		
558	BURIAL	570	2		
559	BURIATS	571	2		
560		572	2		
561	BURKITT	573	2		
562	BURLINGAME	574	2		maps
563		577	2		
564		578	2		
565		579	2		
566		580	2		
567	BURMANN	581	2		
568	BURNE-JONES	582	2		
569	BURNET	583	2		
570	BURNEY	584	2		
571		585	2		
572		586	2		
573	BURNSIDE	587	2		
574	BURNTISLAND	588	2		
575	BURSCHEID	589	2		
576	BURTON	590	2		
577	BURTSCHEID	591	2		
578		592	2		
579	BUSHEL	593	2		
580	BUSH-SHRIKE	594	2		
581	BUSTO-ARSIZIO	595	2		
582	BUTEA	596	2		
583		597	2		
584	BUTLER	598	2		
585		599	2		
586	BUTTER	600	2		
587		601	2		
588		602	2		
589	BUTTERFLY	603	2		
590	BUTTERWORT	604	2		
591		605	2		
592	BUTUA ROOT	606	2		
593	BUXTORF	607	2		
594	BYBLOS	608	2		
595	BYRD	609	2		
596		610	2		
597		611	2		
598	BYSSUS	612	2		
599		613	2		
600	BYZANTINE EMPIRE	614	2		
601		615	2		
602		616	2		
603	BYZANTINE HISTORIANS	617	2		
604		618	2		
605	CAB	619	2		
606	CABBAGE BARK	620	2		
607	CABBAGE-PALM	621	2		
608		622	2		
609	CABLE	623	2		
610		624	2		
611	CABUL	625	2		
612	CACTACEAE	626	2		
613	CADDIS-FLY	627	2		
614		628	2		
615	CADET	629	2		
616	CADORE	630	2		
617		631	2		
618	CAERE	632	2		
619		633	2		
620		634	2		
621	CAESAREA	635	2		
622		636	2		
623	CAGNOLA	637	2		
624	CAIFA	638	2		
625	CAIRN	639	2		
626	CAIRNS	640	2		
627	CAIRO	641	2		
628	CAIUS	642	2		
629	CALABASH TREE	643	2		
630	CALAIS	644	2		
631	CALAMUS	645	2		
632	CALASCIBETTA	646	2		
633	CALCITE	647	2		
634	CALCULUS	648	2		
635		649	2		
636		650	2		
637	CALCUTTA	651	2		
638		652	2		
639	CALDECOTT	653	2		
640	CALDERWOOD	654	2		
641		655	2		
642	CALENDER	656	2		
643		657	2		
644	CALIBRE	658	2		
645		659	2		
646		660	2		
647	CALICO-PRINTING	661	2		
648		662	2		
649		663	2		
650	CALIF	664	2		
651		665	2		
652	CALIFORNIA	666	2		
653	CALIPH	667	2		
654	CALLANDER	668	2		
655	CALLIONYMUS	669	2		
656		670	2		
657	CALUMBA	671	2		
658	CALVIN	672	2		
659		673	2		
660		674	2		
661	CALW	675	2		
662	CAM	676	2		
663	CAMBIUM	677	2		
664	CAMBORNE	678	2		
665		679	2		
666	CAMBRIC	680	2		
667		681	2		
668		682	2		
669		683	2		
670		684	2		
671	CAMBRIDGE GREENSAND	685	2		
672	CAMDEN	686	2		
673	CAMELFORD	687	2		
674	CAMELOPARD	688	2		
675	CAMERA LUCIDA	689	2		
676	CAMERINO	690	2		
677	CAMERONIANS	691	2		
678	CAMISARDS	692	2		
679	CAMOMILE	693	2		
680		694	2		
681	CAMP	695	2		
682	CAMPAN	696	2		
683	CAMPANOLOGY	697	2		
684		698	2		
685		699	2		
686	CAMPBELL ISLAND	700	2		
687	CAMPHENE	701	2		
688	CAMPION	702	2		maps
689	CAMWOOD	707	2		
690		708	2		
691		709	2		
692		710	2		
693		711	2		
694		712	2		
695		713	2		
696	CANADA BALSAM	714	2		
697		715	2		
698		716	2		
699		717	2		
700		718	2		
701	CANALETTO	719	2		
702	CANARY GRASS	720	2		
703	CANARY ISLANDS	721	2		
704	CANCELLING	722	2		
705	CANCER	723	2		
706	CANCRUM ORIS	724	2		
707		725	2		
708	CANDLE-NUT	726	2		
709	CANG	727	2		
710	CANNIBALISM	728	2		
711	CANNING	729	2		
712	CANNOCK	730	2		
713		731	2		
714		732	2		
715		733	2		
716		734	2		
717	CANNON-BALL TREE	735	2		
718	CANOE	736	2		
719	CANON	737	2		
720		738	2		
721	CANONISATION	739	2		
722		740	2		
723	CANONS	741	2		
724	CANOSA	742	2		
725	CANSO	743	2		
726	CANTEEN	744	2		
727		745	2		
728	CANTILEVER	746	2		
729	CANTONMENTS	747	2		
730	CANVAS	748	2		
731	CAPE COAST CASTLE	749	2		
732		750	2		maps
733		753	2		
734		754	2		
735		755	2		
736		756	2		
737	CAPEFIGUE	757	2		
738	CAPELLA	758	2		
739	CAPETIAN DYNASTY	759	2		
740	CAPE VERD ISLANDS	760	2		
741		761	2		
742	CAPISTRANO	762	2		
743		763	2		
744		764	2		
745	CAPITALS	765	2		
746	CAPITULARIES	766	2		
747	CAPRERA	767	2		
748	CAPSICUM	768	2		
749	CAPTION	769	2		
750	CAPUT MORTUUM	770	2		
751		771	2		
752	CARACCIOLO	772	2		
753	CARAVACA	773	2		
754	CARBINEERS	774	2		
755	CARBONADO	775	2		
756	CARBONIC ACID	776	2		
757	CARBONIFEROUS SYSTEM	777	2		
758		778	2		
759	CARBORUNDUM	779	2		
760	CARDBOARD	780	2		
761	CARDIGAN	781	2		
762	CARDINAL BIRD	782	2		
763		783	2		
764	CARDS	784	2		
765	CAREME	785	2		
766	CARIA	786	2		
767	CARICATURE	787	2		
768	CARIGNANO	788	2		
769		789	2		
770	CARLISLE	790	2		
771	CARLO DOLCI	791	2		
772	CARLSBAD	792	2		
773		793	2		
774		794	2		
775		795	2		
776	CARMAGNOLA	796	2		
777	CARMEN SYLVA	797	2		
778	CARNAVON	798	2		
779	CARNEGIE	799	2		
780	CARNIVORA	800	2		
781	CARNOUSTIE	801	2		
782	CAROLINA	802	2		
783	CAROUGE	803	2		
784	CARPENTARIA	804	2		
785	CARPENTRAS	805	2		
786		806	2		
787	CARPI	807	2		
788	CARRANZA	808	2		
789	CARRIAGE	809	2		
790	CARRIERE	810	2		
791	CARRIER PIGEON	811	2		
792		812	2		
793	CARRION CROW	813	2		
794	CARSTARES	814	2		
795	CARTE	815	2		
796	CARTESIAN DEVIL	816	2		
797		817	2		
798	CARTHAGENA	818	2		
799	CARTILAGINOUS FISHES	819	2		
800	CARTOGRAPHY	820	2		
801	CARTWRIGHT	821	2		
802	CARVING	822	2		
803	CARYOCAR	823	2		
804	CASA SANTA	824	2		
805	CASE-HARDENING	825	2		
806	CASH ACCOUNT	826	2		
807	CASHMERE GOAT	827	2		
808	CASQUE	828	2		
809	CASSANDRA	829	2		
810	CASSELL	830	2		
811	CASSIOPEIA	831	2		
812		832	2		
813	CASTE	833	2		
814	CASTELBUONO	834	2		
815	CASTIGLIONE	835	2		
816		836	2		
817	CASTLEBAR	837	2		
818	CASTOR AND POLLUX	838	2		
819	CASTREN	839	2		
820	CASUARINA	840	2		
821	CASUS BELLI	841	2		
822		842	2		
823	CATACLYSMAL ACTION	843	2		
824		844	2		
825	CATACOMBS	845	2		
826	CATALONIA	846	2		
827	CATAMARCA	847	2		
828		848	2		
